-- MySQL dump 10.13  Distrib 9.0.1, for Win64 (x86_64)
--
-- Host: localhost    Database: restaurantdb
-- ------------------------------------------------------
-- Server version	9.0.1

/*!40101 SET @OLD_CHARACTER_SET_CLIENT=@@CHARACTER_SET_CLIENT */;
/*!40101 SET @OLD_CHARACTER_SET_RESULTS=@@CHARACTER_SET_RESULTS */;
/*!40101 SET @OLD_COLLATION_CONNECTION=@@COLLATION_CONNECTION */;
/*!50503 SET NAMES utf8mb4 */;
/*!40103 SET @OLD_TIME_ZONE=@@TIME_ZONE */;
/*!40103 SET TIME_ZONE='+00:00' */;
/*!40014 SET @OLD_UNIQUE_CHECKS=@@UNIQUE_CHECKS, UNIQUE_CHECKS=0 */;
/*!40014 SET @OLD_FOREIGN_KEY_CHECKS=@@FOREIGN_KEY_CHECKS, FOREIGN_KEY_CHECKS=0 */;
/*!40101 SET @OLD_SQL_MODE=@@SQL_MODE, SQL_MODE='NO_AUTO_VALUE_ON_ZERO' */;
/*!40111 SET @OLD_SQL_NOTES=@@SQL_NOTES, SQL_NOTES=0 */;

--
-- Table structure for table `discount_next_visit`
--

DROP TABLE IF EXISTS `discount_next_visit`;
/*!40101 SET @saved_cs_client     = @@character_set_client */;
/*!50503 SET character_set_client = utf8mb4 */;
CREATE TABLE `discount_next_visit` (
  `user_id` int unsigned NOT NULL,
  `counter` int unsigned NOT NULL,
  `date` datetime DEFAULT CURRENT_TIMESTAMP,
  PRIMARY KEY (`user_id`),
  CONSTRAINT `fk_discount_next_visit` FOREIGN KEY (`user_id`) REFERENCES `users` (`user_id`)
) ENGINE=InnoDB DEFAULT CHARSET=utf8mb4 COLLATE=utf8mb4_0900_ai_ci;
/*!40101 SET character_set_client = @saved_cs_client */;

--
-- Dumping data for table `discount_next_visit`
--

/*!40000 ALTER TABLE `discount_next_visit` DISABLE KEYS */;
INSERT INTO `discount_next_visit` VALUES (2,1,'2024-11-12 09:53:54');
/*!40000 ALTER TABLE `discount_next_visit` ENABLE KEYS */;

--
-- Table structure for table `employees`
--

DROP TABLE IF EXISTS `employees`;
/*!40101 SET @saved_cs_client     = @@character_set_client */;
/*!50503 SET character_set_client = utf8mb4 */;
CREATE TABLE `employees` (
  `employee_id` int unsigned NOT NULL AUTO_INCREMENT COMMENT 'Primary Key',
  `first_name` varchar(50) CHARACTER SET utf8mb4 COLLATE utf8mb4_0900_ai_ci NOT NULL,
  `last_name` varchar(50) CHARACTER SET utf8mb4 COLLATE utf8mb4_0900_ai_ci NOT NULL,
  `email` varchar(50) CHARACTER SET utf8mb4 COLLATE utf8mb4_0900_ai_ci NOT NULL,
  `role` varchar(50) NOT NULL,
  `is_active` tinyint(1) DEFAULT '1',
  `password` varchar(50) NOT NULL,
  PRIMARY KEY (`employee_id`)
) ENGINE=InnoDB AUTO_INCREMENT=12 DEFAULT CHARSET=utf8mb4 COLLATE=utf8mb4_0900_ai_ci COMMENT='employee accounts';
/*!40101 SET character_set_client = @saved_cs_client */;

--
-- Dumping data for table `employees`
--

/*!40000 ALTER TABLE `employees` DISABLE KEYS */;
INSERT INTO `employees` VALUES (1,'Amy','Lee','amy@example.com','Manager',1,'mpass'),(2,'Bob','Ross','bob@example.com','Waiter',1,'wpass'),(4,'Taylor','Swift','taylor@example.com','Waiter',0,'wpass'),(8,'John','Doe','john@example.com','Accountant',1,'apass'),(9,'Sam','Smith','ss@example.com','Waiter',1,'sam123'),(10,'Eddy','Murphy','em@example.com','Waiter',1,'eddy123'),(11,'Jill','Snow','js@example.com','Waiter',1,'jill123');
/*!40000 ALTER TABLE `employees` ENABLE KEYS */;

--
-- Table structure for table `events`
--

DROP TABLE IF EXISTS `events`;
/*!40101 SET @saved_cs_client     = @@character_set_client */;
/*!50503 SET character_set_client = utf8mb4 */;
CREATE TABLE `events` (
  `event_id` int NOT NULL AUTO_INCREMENT COMMENT 'Primary Key',
  `event_name` varchar(50) NOT NULL,
  `shift_start_time` datetime DEFAULT NULL,
  `shift_end_time` datetime DEFAULT NULL,
  `is_active` tinyint(1) DEFAULT '1',
  PRIMARY KEY (`event_id`)
) ENGINE=InnoDB DEFAULT CHARSET=utf8mb4 COLLATE=utf8mb4_0900_ai_ci;
/*!40101 SET character_set_client = @saved_cs_client */;

--
-- Dumping data for table `events`
--

/*!40000 ALTER TABLE `events` DISABLE KEYS */;
/*!40000 ALTER TABLE `events` ENABLE KEYS */;

--
-- Table structure for table `inventory`
--

DROP TABLE IF EXISTS `inventory`;
/*!40101 SET @saved_cs_client     = @@character_set_client */;
/*!50503 SET character_set_client = utf8mb4 */;
CREATE TABLE `inventory` (
  `ingredient_id` int unsigned NOT NULL AUTO_INCREMENT COMMENT 'Primary Key',
  `name` varchar(50) CHARACTER SET utf8mb4 COLLATE utf8mb4_0900_ai_ci NOT NULL,
  `amount` int unsigned NOT NULL,
  `restock_threshold` int unsigned NOT NULL,
  `restock_amount` int unsigned NOT NULL,
  `autoRestock` tinyint(1) NOT NULL DEFAULT '1',
  `is_active` tinyint(1) NOT NULL DEFAULT '1',
  PRIMARY KEY (`ingredient_id`)
) ENGINE=InnoDB AUTO_INCREMENT=46 DEFAULT CHARSET=utf8mb4 COLLATE=utf8mb4_0900_ai_ci COMMENT='inventory of ingredients';
/*!40101 SET character_set_client = @saved_cs_client */;

--
-- Dumping data for table `inventory`
--

/*!40000 ALTER TABLE `inventory` DISABLE KEYS */;
INSERT INTO `inventory` VALUES (1,'mozzarella',49,20,100,1,1),(2,'tomato sauce',64,10,100,1,1),(3,'dough',72,10,50,1,1),(4,'pepperoni',120,50,100,1,1),(5,'cheddar cheese',107,20,100,1,1),(6,'beef patty',82,20,50,1,1),(7,'lettuce',25,20,50,1,1),(8,'tomato',36,20,50,1,1),(9,'pasta',53,20,50,1,1),(10,'chicken',43,20,70,1,1),(11,'garlic',24,20,50,1,1),(12,'fish fillets',31,10,30,1,1),(13,'tortillas',35,20,50,1,1),(14,'cabbage',62,20,50,1,1),(15,'lime',68,30,4,1,1),(16,'sour cream',48,20,50,1,1),(17,'milk',54,20,50,1,1),(18,'butter',127,30,100,1,1),(19,'flour',41,40,200,1,1),(20,'hamburger bun',53,20,75,1,1),(21,'sausage',51,20,50,1,1),(22,'hot dog bun',61,30,100,1,1),(23,'mustard',61,40,100,1,1),(24,'ketchup',44,30,100,1,1),(25,'relish',35,20,45,1,1),(26,'potatoes',82,30,100,1,1),(27,'carrots',95,20,60,1,1),(28,'mayonnaise',74,10,40,1,1),(29,'bread',52,10,40,1,1),(30,'corn',76,10,50,1,1),(31,'salt',107,40,100,1,1),(32,'Sprite',75,20,100,1,1),(33,'Coca-Cola',119,20,100,1,1),(34,'Pepsi',99,20,100,1,1),(35,'Dr. Pepper',125,20,100,1,1),(36,'Fanta Orange',0,20,100,0,1),(37,'Diet Coke',10,20,100,0,1),(38,'Black Tea',92,20,70,1,1),(39,'Sugar',27,20,100,1,1),(40,'Lemon',49,10,20,1,1),(41,'Pineapple',18,10,20,1,1),(42,'Ham',28,20,10,1,1),(43,'Mountain Dew',29,20,30,1,1),(44,'Powerade',27,20,30,1,1),(45,'water',44,40,50,1,1);
/*!40000 ALTER TABLE `inventory` ENABLE KEYS */;
/*!50003 SET @saved_cs_client      = @@character_set_client */ ;
/*!50003 SET @saved_cs_results     = @@character_set_results */ ;
/*!50003 SET @saved_col_connection = @@collation_connection */ ;
/*!50003 SET character_set_client  = utf8mb4 */ ;
/*!50003 SET character_set_results = utf8mb4 */ ;
/*!50003 SET collation_connection  = utf8mb4_unicode_ci */ ;
/*!50003 SET @saved_sql_mode       = @@sql_mode */ ;
/*!50003 SET sql_mode              = 'IGNORE_SPACE,ONLY_FULL_GROUP_BY,STRICT_TRANS_TABLES,NO_ZERO_IN_DATE,NO_ZERO_DATE,ERROR_FOR_DIVISION_BY_ZERO,NO_ENGINE_SUBSTITUTION' */ ;
DELIMITER ;;
/*!50003 CREATE*/ /*!50017 DEFINER=`root`@`localhost`*/ /*!50003 TRIGGER `inventory_changes` BEFORE UPDATE ON `inventory` FOR EACH ROW BEGIN
    DECLARE change_amount INT;
    
    -- Calculate the change amount (can be negative)
    IF NEW.amount < OLD.amount THEN
        SET change_amount = -(OLD.amount - NEW.amount);  -- Negative for usage
    ELSE
        SET change_amount = NEW.amount - OLD.amount;     -- Positive for restock
    END IF;

    -- Log the inventory change
    INSERT INTO inventory_logs (
        ingredient_id,
        action_type,
        quantity_change,
        log_date,
        log_time
    )
    VALUES (
        NEW.ingredient_id,
        CASE 
            WHEN NEW.amount < OLD.amount THEN 
                CASE 
                    WHEN @action_type = 'discarded' THEN 'discarded'
                    ELSE 'used'
                END
            ELSE 'restock'
        END,
        change_amount,
        CURRENT_DATE,
        CURRENT_TIME
    );

    -- Check if restock is needed (only if autoRestock is TRUE)
    IF NEW.amount <= NEW.restock_threshold AND NEW.autoRestock = TRUE THEN
        SET NEW.amount = NEW.amount + NEW.restock_amount;
        
        -- Log the restock
        INSERT INTO inventory_logs (
            ingredient_id,
            action_type,
            quantity_change,
            log_date,
            log_time
        )
        VALUES (
            NEW.ingredient_id,
            'restock',
            NEW.restock_amount,
            CURRENT_DATE,
            CURRENT_TIME
        );
    END IF;
END */;;
DELIMITER ;
/*!50003 SET sql_mode              = @saved_sql_mode */ ;
/*!50003 SET character_set_client  = @saved_cs_client */ ;
/*!50003 SET character_set_results = @saved_cs_results */ ;
/*!50003 SET collation_connection  = @saved_col_connection */ ;

--
-- Table structure for table `inventory_logs`
--

DROP TABLE IF EXISTS `inventory_logs`;
/*!40101 SET @saved_cs_client     = @@character_set_client */;
/*!50503 SET character_set_client = utf8mb4 */;
CREATE TABLE `inventory_logs` (
  `log_id` int unsigned NOT NULL AUTO_INCREMENT COMMENT 'Primary Key',
  `ingredient_id` int unsigned NOT NULL,
  `action_type` enum('restock','used','discarded') NOT NULL,
  `quantity_change` int NOT NULL,
  `log_date` date NOT NULL DEFAULT (curdate()),
  `log_time` time NOT NULL DEFAULT (curtime()),
  PRIMARY KEY (`log_id`),
  KEY `idx_ingredient_date` (`ingredient_id`,`log_date`),
  CONSTRAINT `fk_inventory_logs_ingredient_id` FOREIGN KEY (`ingredient_id`) REFERENCES `inventory` (`ingredient_id`) ON DELETE CASCADE ON UPDATE CASCADE
) ENGINE=InnoDB AUTO_INCREMENT=576 DEFAULT CHARSET=utf8mb4 COLLATE=utf8mb4_0900_ai_ci COMMENT='logs for inventory changes';
/*!40101 SET character_set_client = @saved_cs_client */;

--
-- Dumping data for table `inventory_logs`
--

/*!40000 ALTER TABLE `inventory_logs` DISABLE KEYS */;
INSERT INTO `inventory_logs` VALUES (1,1,'used',-10,'2024-10-21','21:16:56'),(2,2,'used',-5,'2024-10-21','21:16:56'),(3,3,'used',-5,'2024-10-21','21:16:56'),(4,7,'discarded',-2,'2024-10-21','21:17:42'),(5,8,'discarded',-3,'2024-10-21','21:17:42'),(6,1,'restock',25,'2024-10-21','21:18:15'),(7,1,'used',-10,'2024-10-21','21:25:45'),(8,1,'used',-10,'2024-10-21','21:26:08'),(9,1,'used',-10,'2024-10-21','21:26:12'),(10,1,'used',-10,'2024-10-21','21:26:18'),(11,1,'used',-10,'2024-10-21','21:26:20'),(12,1,'restock',100,'2024-10-21','21:26:20'),(13,38,'used',-1,'2024-10-21','21:38:53'),(14,39,'used',-5,'2024-10-21','21:38:53'),(15,2,'used',-1,'2024-10-22','07:57:52'),(16,1,'used',-5,'2024-10-22','07:57:52'),(17,3,'used',-1,'2024-10-22','07:57:52'),(18,4,'used',-20,'2024-10-22','07:57:52'),(19,37,'used',-1,'2024-10-24','08:27:24'),(20,9,'used',-21,'2024-10-24','15:24:40'),(21,5,'used',-30,'2024-10-24','15:24:40'),(22,17,'used',-9,'2024-10-24','15:24:40'),(23,18,'used',-15,'2024-10-24','15:24:40'),(24,19,'used',-9,'2024-10-24','15:24:40'),(25,9,'used',-50,'2024-10-24','15:25:14'),(26,10,'used',-10,'2024-10-24','15:25:14'),(27,11,'used',-15,'2024-10-24','15:25:14'),(28,5,'restock',100,'2024-10-25','04:38:55'),(29,5,'restock',100,'2024-10-25','04:38:55'),(30,10,'restock',20,'2024-10-25','04:39:13'),(31,10,'restock',20,'2024-10-25','04:39:13'),(32,17,'used',-1,'2024-10-25','04:41:23'),(33,3,'used',-9,'2024-10-25','04:46:08'),(34,3,'restock',9,'2024-10-25','04:49:22'),(35,3,'used',-9,'2024-10-25','04:49:38'),(36,9,'restock',1,'2024-10-25','04:52:12'),(37,9,'used',-5,'2024-10-25','04:52:23'),(38,2,'restock',1,'2024-10-25','04:55:07'),(39,7,'discarded',-4,'2024-10-25','04:57:57'),(40,7,'used',-4,'2024-10-25','04:57:57'),(41,19,'discarded',-1,'2024-10-25','04:58:24'),(42,19,'used',-1,'2024-10-25','04:58:24'),(43,11,'restock',5,'2024-10-25','04:58:53'),(44,12,'discarded',-5,'2024-10-25','04:59:04'),(45,12,'used',-5,'2024-10-25','04:59:04'),(46,1,'restock',5,'2024-10-25','04:59:36'),(47,1,'discarded',-5,'2024-10-25','04:59:42'),(48,1,'used',-5,'2024-10-25','04:59:42'),(49,9,'used',-5,'2024-10-25','05:02:15'),(50,9,'restock',50,'2024-10-25','05:02:15'),(51,1,'used',-10,'2024-10-25','05:09:03'),(52,1,'restock',10,'2024-10-25','05:12:14'),(53,1,'used',-32,'2024-10-25','05:12:35'),(54,1,'discarded',-2,'2024-10-25','05:13:22'),(55,1,'restock',4,'2024-10-25','05:13:35'),(56,9,'used',-10,'2024-10-25','05:14:04'),(57,10,'used',-2,'2024-10-25','05:14:04'),(58,11,'used',-3,'2024-10-25','05:14:04'),(59,29,'used',-3,'2024-10-25','11:27:27'),(60,18,'used',-5,'2024-10-25','11:27:27'),(61,18,'restock',100,'2024-10-25','11:27:27'),(62,11,'used',-3,'2024-10-25','11:27:27'),(63,5,'used',-2,'2024-10-25','11:27:27'),(64,6,'used',-1,'2024-10-25','11:27:27'),(65,7,'used',-2,'2024-10-25','11:27:27'),(66,8,'used',-2,'2024-10-25','11:27:27'),(67,20,'used',-1,'2024-10-25','11:27:27'),(68,38,'used',-1,'2024-10-25','11:27:27'),(69,39,'used',-5,'2024-10-25','11:27:27'),(70,21,'used',-15,'2024-10-25','14:29:48'),(71,22,'used',-15,'2024-10-25','14:29:48'),(72,23,'used',-15,'2024-10-25','14:29:48'),(73,24,'used',-15,'2024-10-25','14:29:48'),(74,25,'used',-25,'2024-10-25','14:29:48'),(75,32,'used',-25,'2024-10-25','14:39:07'),(76,32,'used',-14,'2024-10-25','14:44:07'),(77,32,'restock',100,'2024-10-25','14:44:07'),(78,32,'used',-21,'2024-10-25','14:45:18'),(79,32,'used',-15,'2024-10-25','14:45:51'),(80,33,'used',-5,'2024-10-25','14:46:49'),(81,32,'used',-5,'2024-10-25','14:46:49'),(82,38,'used',-1,'2024-10-27','20:37:01'),(83,39,'used',-5,'2024-10-27','20:37:01'),(84,3,'restock',5,'2024-10-27','20:53:24'),(85,2,'used',-4,'2024-10-27','20:55:08'),(86,1,'used',-20,'2024-10-27','20:55:08'),(87,3,'used',-4,'2024-10-27','20:55:08'),(88,4,'used',-80,'2024-10-27','20:55:08'),(89,4,'restock',100,'2024-10-27','20:55:08'),(90,5,'used',-2,'2024-10-27','23:54:10'),(91,6,'used',-1,'2024-10-27','23:54:10'),(92,7,'used',-2,'2024-10-27','23:54:10'),(93,8,'used',-2,'2024-10-27','23:54:10'),(94,20,'used',-1,'2024-10-27','23:54:10'),(95,37,'used',-1,'2024-10-27','23:54:10'),(96,5,'used',-2,'2024-10-27','23:54:10'),(97,6,'used',-1,'2024-10-27','23:54:10'),(98,7,'used',-2,'2024-10-27','23:54:10'),(99,8,'used',-2,'2024-10-27','23:54:10'),(100,20,'used',-1,'2024-10-27','23:54:10'),(101,37,'used',-1,'2024-10-27','23:54:10'),(102,7,'discarded',-4,'2024-10-27','23:58:04'),(103,35,'used',-13,'2024-10-28','03:02:08'),(104,29,'used',-24,'2024-10-28','03:02:08'),(105,18,'used',-40,'2024-10-28','03:02:08'),(106,11,'used',-24,'2024-10-28','03:02:08'),(107,33,'restock',60,'2024-10-28','03:03:13'),(108,35,'restock',43,'2024-10-28','03:03:35'),(109,9,'used',-10,'2024-10-29','00:15:35'),(110,10,'used',-2,'2024-10-29','00:15:35'),(111,11,'used',-3,'2024-10-29','00:15:35'),(112,3,'restock',9,'2024-10-29','14:47:14'),(113,5,'restock',6,'2024-10-29','14:47:22'),(114,12,'discarded',-30,'2024-10-29','14:47:33'),(115,35,'used',-1,'2024-10-29','19:54:08'),(116,34,'used',-1,'2024-10-29','19:54:08'),(117,5,'used',-6,'2024-10-29','19:54:08'),(118,6,'used',-3,'2024-10-29','19:54:08'),(119,7,'used',-6,'2024-10-29','19:54:08'),(120,8,'used',-6,'2024-10-29','19:54:08'),(121,20,'used',-3,'2024-10-29','19:54:08'),(122,21,'used',-3,'2024-10-29','19:54:08'),(123,22,'used',-3,'2024-10-29','19:54:08'),(124,23,'used',-3,'2024-10-29','19:54:08'),(125,24,'used',-3,'2024-10-29','19:54:08'),(126,25,'used',-5,'2024-10-29','19:54:08'),(127,12,'used',-3,'2024-10-29','19:54:08'),(128,13,'used',-5,'2024-10-29','19:54:08'),(129,14,'used',-3,'2024-10-29','19:54:08'),(130,15,'used',-3,'2024-10-29','19:54:08'),(131,16,'used',-4,'2024-10-29','19:54:08'),(132,36,'restock',0,'2024-10-30','14:06:40'),(133,1,'used',-45,'2024-10-30','14:07:48'),(134,1,'restock',100,'2024-10-30','14:07:48'),(135,36,'restock',15,'2024-10-30','14:08:16'),(136,36,'used',-15,'2024-10-30','14:08:50'),(137,2,'used',-2,'2024-10-31','14:31:33'),(138,1,'used',-10,'2024-10-31','14:31:33'),(139,3,'used',-2,'2024-10-31','14:31:33'),(140,4,'used',-40,'2024-10-31','14:31:33'),(141,5,'used',-2,'2024-10-31','14:31:33'),(142,6,'used',-1,'2024-10-31','14:31:33'),(143,7,'used',-2,'2024-10-31','14:31:33'),(144,8,'used',-2,'2024-10-31','14:31:33'),(145,20,'used',-1,'2024-10-31','14:31:33'),(146,32,'used',-1,'2024-10-31','14:31:33'),(147,30,'used',-2,'2024-10-31','14:31:33'),(148,31,'used',-3,'2024-10-31','14:31:33'),(149,18,'used',-5,'2024-10-31','14:31:33'),(150,14,'used',-1,'2024-10-31','14:31:33'),(151,27,'used',-1,'2024-10-31','14:31:33'),(152,28,'used',-2,'2024-10-31','14:31:33'),(153,12,'used',-3,'2024-10-31','14:31:33'),(154,13,'used',-5,'2024-10-31','14:31:33'),(155,14,'used',-3,'2024-10-31','14:31:33'),(156,15,'used',-3,'2024-10-31','14:31:33'),(157,16,'used',-4,'2024-10-31','14:31:33'),(158,21,'used',-3,'2024-10-31','14:31:33'),(159,22,'used',-3,'2024-10-31','14:31:33'),(160,23,'used',-3,'2024-10-31','14:31:33'),(161,24,'used',-3,'2024-10-31','14:31:33'),(162,25,'used',-5,'2024-10-31','14:31:33'),(163,35,'used',-1,'2024-10-31','14:31:33'),(164,26,'used',-1,'2024-10-31','14:31:33'),(165,18,'used',-3,'2024-10-31','14:31:33'),(166,17,'used',-1,'2024-10-31','14:31:33'),(167,31,'used',-5,'2024-10-31','14:31:33'),(168,2,'used',-1,'2024-10-31','14:58:15'),(169,1,'used',-5,'2024-10-31','14:58:15'),(170,3,'used',-1,'2024-10-31','14:58:15'),(171,2,'used',-1,'2024-10-31','14:58:15'),(172,1,'used',-5,'2024-10-31','14:58:15'),(173,3,'used',-1,'2024-10-31','14:58:15'),(174,4,'used',-20,'2024-10-31','14:58:15'),(175,4,'restock',100,'2024-10-31','14:58:15'),(176,9,'used',-10,'2024-10-31','14:58:15'),(177,10,'used',-2,'2024-10-31','14:58:15'),(178,11,'used',-3,'2024-10-31','14:58:15'),(179,12,'used',-6,'2024-10-31','14:58:15'),(180,13,'used',-10,'2024-10-31','14:58:15'),(181,14,'used',-6,'2024-10-31','14:58:15'),(182,15,'used',-6,'2024-10-31','14:58:15'),(183,16,'used',-8,'2024-10-31','14:58:15'),(184,21,'used',-6,'2024-10-31','14:58:15'),(185,22,'used',-6,'2024-10-31','14:58:15'),(186,23,'used',-6,'2024-10-31','14:58:15'),(187,24,'used',-6,'2024-10-31','14:58:15'),(188,25,'used',-10,'2024-10-31','14:58:15'),(189,12,'used',-6,'2024-10-31','14:59:13'),(190,13,'used',-10,'2024-10-31','14:59:13'),(191,14,'used',-6,'2024-10-31','14:59:13'),(192,15,'used',-6,'2024-10-31','14:59:13'),(193,16,'used',-8,'2024-10-31','14:59:13'),(194,9,'used',-10,'2024-10-31','14:59:13'),(195,10,'used',-2,'2024-10-31','14:59:13'),(196,11,'used',-3,'2024-10-31','14:59:13'),(197,30,'used',-2,'2024-10-31','14:59:13'),(198,31,'used',-3,'2024-10-31','14:59:13'),(199,18,'used',-5,'2024-10-31','14:59:13'),(200,21,'used',-3,'2024-10-31','14:59:13'),(201,22,'used',-3,'2024-10-31','14:59:13'),(202,23,'used',-3,'2024-10-31','14:59:13'),(203,24,'used',-3,'2024-10-31','14:59:13'),(204,25,'used',-5,'2024-10-31','14:59:13'),(205,33,'used',-1,'2024-10-31','14:59:13'),(206,5,'used',-2,'2024-10-31','14:59:13'),(207,6,'used',-1,'2024-10-31','14:59:13'),(208,7,'used',-2,'2024-10-31','14:59:13'),(209,8,'used',-2,'2024-10-31','14:59:13'),(210,20,'used',-1,'2024-10-31','14:59:13'),(211,21,'restock',0,'2024-11-09','18:45:34'),(212,40,'restock',0,'2024-11-09','18:51:03'),(213,43,'restock',0,'2024-11-09','19:02:40'),(214,15,'restock',1,'2024-11-10','22:45:16'),(215,15,'restock',0,'2024-11-10','22:45:20'),(216,15,'restock',0,'2024-11-10','22:45:24'),(217,2,'used',-7,'2024-11-12','08:12:48'),(218,1,'used',-35,'2024-11-12','08:12:48'),(219,3,'used',-7,'2024-11-12','08:12:48'),(225,20,'used',-13,'2024-11-12','09:52:31'),(226,5,'used',-13,'2024-11-12','09:52:31'),(227,8,'used',-13,'2024-11-12','09:52:31'),(228,7,'used',-13,'2024-11-12','09:52:31'),(229,24,'used',-13,'2024-11-12','09:52:31'),(230,13,'used',-2,'2024-11-12','09:53:54'),(231,8,'used',-2,'2024-11-12','09:53:54'),(232,6,'used',-2,'2024-11-12','09:53:54'),(233,16,'used',-2,'2024-11-12','09:53:54'),(234,13,'used',-1,'2024-11-12','09:53:54'),(235,10,'used',-1,'2024-11-12','09:53:54'),(236,16,'used',-1,'2024-11-12','09:53:54'),(237,2,'used',-1,'2024-11-12','09:53:54'),(238,5,'used',-2,'2024-11-12','09:53:54'),(239,6,'used',-1,'2024-11-12','09:53:54'),(240,7,'used',-2,'2024-11-12','09:53:54'),(241,8,'used',-2,'2024-11-12','09:53:54'),(242,20,'used',-1,'2024-11-12','09:53:54'),(243,10,'used',-1,'2024-11-12','09:53:54'),(244,19,'used',-1,'2024-11-12','09:53:54'),(245,10,'used',-1,'2024-11-12','09:53:54'),(246,19,'used',-1,'2024-11-12','09:53:54'),(247,10,'used',-1,'2024-11-12','09:53:54'),(248,7,'used',-1,'2024-11-12','09:53:54'),(249,8,'used',-1,'2024-11-12','09:53:54'),(250,20,'used',-1,'2024-11-12','09:53:54'),(251,28,'used',-1,'2024-11-12','09:53:54'),(252,10,'used',-1,'2024-11-12','09:53:54'),(253,19,'used',-1,'2024-11-12','09:53:54'),(254,31,'used',-1,'2024-11-12','09:53:54'),(255,13,'used',-1,'2024-11-12','09:53:54'),(256,5,'used',-1,'2024-11-12','09:53:54'),(257,21,'used',-1,'2024-11-12','09:53:54'),(258,19,'used',-1,'2024-11-12','09:53:54'),(259,17,'used',-1,'2024-11-12','09:53:54'),(260,18,'used',-1,'2024-11-12','09:53:54'),(261,31,'used',-1,'2024-11-12','09:53:54'),(262,39,'used',-1,'2024-11-12','09:53:54'),(263,5,'used',-1,'2024-11-12','09:53:54'),(264,10,'used',-16,'2024-11-12','09:53:54'),(265,19,'used',-16,'2024-11-12','09:53:54'),(266,31,'used',-16,'2024-11-12','09:53:54'),(267,39,'used',-16,'2024-11-12','09:53:54'),(268,17,'used',-16,'2024-11-12','09:53:54'),(269,20,'used',-2,'2024-11-12','09:53:54'),(270,5,'used',-2,'2024-11-12','09:53:54'),(271,8,'used',-2,'2024-11-12','09:53:54'),(272,7,'used',-2,'2024-11-12','09:53:54'),(273,24,'used',-2,'2024-11-12','09:53:54'),(274,45,'restock',0,'2024-11-12','09:58:25'),(275,45,'restock',0,'2024-11-12','09:58:27'),(276,37,'restock',0,'2024-11-12','09:58:29'),(277,37,'discarded',-82,'2024-11-12','09:58:53'),(278,37,'used',-10,'2024-11-12','09:59:47'),(279,37,'restock',20,'2024-11-12','10:01:09'),(280,37,'used',-10,'2024-11-12','10:01:14'),(281,37,'restock',0,'2024-11-12','10:01:15'),(282,37,'restock',100,'2024-11-12','10:01:15'),(283,37,'used',-60,'2024-11-12','10:01:31'),(284,19,'used',-1,'2024-11-12','10:07:38'),(285,18,'used',-1,'2024-11-12','10:07:38'),(286,17,'used',-1,'2024-11-12','10:07:38'),(287,39,'used',-1,'2024-11-12','10:07:38'),(288,31,'used',-1,'2024-11-12','10:07:38'),(289,31,'restock',100,'2024-11-12','10:07:38'),(290,5,'used',-1,'2024-11-12','10:07:38'),(291,26,'used',-1,'2024-11-12','10:07:38'),(292,31,'used',-1,'2024-11-12','10:07:38'),(293,26,'used',-1,'2024-11-12','10:07:38'),(294,31,'used',-1,'2024-11-12','10:07:38'),(295,26,'used',-1,'2024-11-12','10:07:38'),(296,31,'used',-1,'2024-11-12','10:07:38'),(297,14,'used',-1,'2024-11-12','10:07:38'),(298,27,'used',-1,'2024-11-12','10:07:38'),(299,28,'used',-2,'2024-11-12','10:07:38'),(300,40,'used',-1,'2024-11-12','10:07:38'),(301,39,'used',-1,'2024-11-12','10:07:38'),(302,35,'used',-1,'2024-11-12','10:07:38'),(303,9,'used',-10,'2024-11-12','10:07:38'),(304,9,'restock',50,'2024-11-12','10:07:38'),(305,10,'used',-2,'2024-11-12','10:07:38'),(306,11,'used',-3,'2024-11-12','10:07:38'),(307,3,'used',-1,'2024-11-12','10:07:38'),(308,1,'used',-1,'2024-11-12','10:07:38'),(309,2,'used',-1,'2024-11-12','10:07:38'),(310,41,'used',-1,'2024-11-12','10:07:38'),(311,42,'used',-1,'2024-11-12','10:07:38'),(312,3,'used',-1,'2024-11-12','10:07:38'),(313,1,'used',-1,'2024-11-12','10:07:38'),(314,2,'used',-1,'2024-11-12','10:07:38'),(315,21,'used',-1,'2024-11-12','10:07:38'),(316,21,'used',-1,'2024-11-12','10:08:11'),(317,19,'used',-1,'2024-11-12','10:08:11'),(318,17,'used',-1,'2024-11-12','10:08:11'),(319,18,'used',-1,'2024-11-12','10:08:11'),(320,31,'used',-1,'2024-11-12','10:08:11'),(321,39,'used',-1,'2024-11-12','10:08:11'),(322,5,'used',-1,'2024-11-12','10:08:11'),(323,10,'used',-2,'2024-11-12','10:08:11'),(324,7,'used',-2,'2024-11-12','10:08:11'),(325,8,'used',-2,'2024-11-12','10:08:11'),(326,20,'used',-2,'2024-11-12','10:08:11'),(327,28,'used',-2,'2024-11-12','10:08:11'),(328,10,'used',-1,'2024-11-12','10:08:11'),(329,19,'used',-1,'2024-11-12','10:08:11'),(330,31,'used',-1,'2024-11-12','10:08:11'),(331,12,'used',-3,'2024-11-12','10:08:11'),(332,13,'used',-5,'2024-11-12','10:08:11'),(333,14,'used',-3,'2024-11-12','10:08:11'),(334,15,'used',-3,'2024-11-12','10:08:11'),(335,16,'used',-4,'2024-11-12','10:08:11'),(336,3,'used',-1,'2024-11-12','10:08:11'),(337,1,'used',-1,'2024-11-12','10:08:11'),(338,2,'used',-1,'2024-11-12','10:08:11'),(339,21,'used',-1,'2024-11-12','10:08:11'),(340,2,'used',-1,'2024-11-12','10:08:11'),(341,1,'used',-5,'2024-11-12','10:08:11'),(342,3,'used',-1,'2024-11-12','10:08:11'),(343,4,'used',-20,'2024-11-12','10:08:11'),(344,13,'used',-1,'2024-11-12','10:08:11'),(345,10,'used',-1,'2024-11-12','10:08:11'),(346,16,'used',-1,'2024-11-12','10:08:11'),(347,2,'used',-1,'2024-11-12','10:08:11'),(348,26,'used',-1,'2024-11-12','10:08:11'),(349,31,'used',-1,'2024-11-12','10:08:11'),(350,38,'used',-1,'2024-11-12','10:08:11'),(351,39,'used',-5,'2024-11-12','10:08:11'),(352,37,'used',-1,'2024-11-12','10:08:11'),(353,44,'used',-1,'2024-11-12','10:08:11'),(354,37,'used',-1,'2024-11-12','10:08:42'),(355,44,'used',-1,'2024-11-12','10:08:42'),(356,38,'used',-1,'2024-11-12','10:08:42'),(357,39,'used',-5,'2024-11-12','10:08:42'),(358,5,'used',-2,'2024-11-12','10:08:42'),(359,6,'used',-1,'2024-11-12','10:08:42'),(360,7,'used',-2,'2024-11-12','10:08:42'),(361,8,'used',-2,'2024-11-12','10:08:42'),(362,20,'used',-1,'2024-11-12','10:08:42'),(363,3,'used',-1,'2024-11-12','10:08:42'),(364,1,'used',-1,'2024-11-12','10:08:42'),(365,2,'used',-1,'2024-11-12','10:08:42'),(366,21,'used',-1,'2024-11-12','10:08:42'),(367,9,'used',-10,'2024-11-12','10:08:42'),(368,10,'used',-2,'2024-11-12','10:08:42'),(369,11,'used',-3,'2024-11-12','10:08:42'),(370,10,'used',-1,'2024-11-12','10:08:42'),(371,19,'used',-1,'2024-11-12','10:08:42'),(372,10,'used',-1,'2024-11-12','10:08:42'),(373,19,'used',-1,'2024-11-12','10:08:42'),(374,10,'used',-6,'2024-11-12','10:08:42'),(375,7,'used',-6,'2024-11-12','10:08:42'),(376,8,'used',-6,'2024-11-12','10:08:42'),(377,20,'used',-6,'2024-11-12','10:08:42'),(378,28,'used',-6,'2024-11-12','10:08:42'),(379,10,'used',-1,'2024-11-12','10:08:42'),(380,19,'used',-1,'2024-11-12','10:08:42'),(381,31,'used',-1,'2024-11-12','10:08:42'),(382,9,'used',-7,'2024-11-12','10:08:42'),(383,5,'used',-10,'2024-11-12','10:08:42'),(384,17,'used',-3,'2024-11-12','10:08:42'),(385,18,'used',-5,'2024-11-12','10:08:42'),(386,19,'used',-3,'2024-11-12','10:08:42'),(387,45,'used',-5,'2024-11-12','10:08:42'),(388,13,'used',-1,'2024-11-12','10:14:52'),(389,8,'used',-1,'2024-11-12','10:14:52'),(390,6,'used',-1,'2024-11-12','10:14:52'),(391,16,'used',-1,'2024-11-12','10:14:52'),(392,3,'used',-1,'2024-11-12','10:14:52'),(393,1,'used',-1,'2024-11-12','10:14:52'),(394,2,'used',-1,'2024-11-12','10:14:52'),(395,21,'used',-1,'2024-11-12','10:14:52'),(396,3,'used',-1,'2024-11-12','10:14:52'),(397,1,'used',-1,'2024-11-12','10:14:52'),(398,2,'used',-1,'2024-11-12','10:14:52'),(399,41,'used',-1,'2024-11-12','10:14:52'),(400,42,'used',-1,'2024-11-12','10:14:52'),(401,5,'used',-2,'2024-11-12','10:14:52'),(402,6,'used',-1,'2024-11-12','10:14:52'),(403,7,'used',-2,'2024-11-12','10:14:52'),(404,8,'used',-2,'2024-11-12','10:14:52'),(405,20,'used',-1,'2024-11-12','10:14:52'),(406,20,'used',-1,'2024-11-12','10:14:52'),(407,5,'used',-1,'2024-11-12','10:14:52'),(408,8,'used',-1,'2024-11-12','10:14:52'),(409,7,'used',-1,'2024-11-12','10:14:52'),(410,24,'used',-1,'2024-11-12','10:14:52'),(411,10,'used',-1,'2024-11-12','10:14:52'),(412,19,'used',-1,'2024-11-12','10:14:52'),(413,31,'used',-1,'2024-11-12','10:14:52'),(414,39,'used',-1,'2024-11-12','10:14:52'),(415,17,'used',-1,'2024-11-12','10:14:52'),(416,35,'used',-1,'2024-11-12','10:14:52'),(417,37,'used',-1,'2024-11-12','10:14:52'),(418,5,'used',-1,'2024-11-12','10:14:52'),(419,26,'used',-1,'2024-11-12','10:14:52'),(420,31,'used',-1,'2024-11-12','10:14:52'),(421,26,'used',-1,'2024-11-12','10:14:52'),(422,31,'used',-1,'2024-11-12','10:14:52'),(423,14,'used',-3,'2024-11-12','10:14:52'),(424,27,'used',-3,'2024-11-12','10:14:52'),(425,28,'used',-6,'2024-11-12','10:14:52'),(426,12,'used',-6,'2024-11-12','10:19:55'),(427,13,'used',-10,'2024-11-12','10:19:55'),(428,14,'used',-6,'2024-11-12','10:19:55'),(429,15,'used',-6,'2024-11-12','10:19:55'),(430,16,'used',-8,'2024-11-12','10:19:55'),(431,10,'used',-1,'2024-11-12','10:19:55'),(432,7,'used',-1,'2024-11-12','10:19:55'),(433,8,'used',-1,'2024-11-12','10:19:55'),(434,20,'used',-1,'2024-11-12','10:19:55'),(435,28,'used',-1,'2024-11-12','10:19:55'),(436,21,'used',-1,'2024-11-12','10:19:55'),(437,19,'used',-1,'2024-11-12','10:19:55'),(438,17,'used',-1,'2024-11-12','10:19:55'),(439,18,'used',-1,'2024-11-12','10:19:55'),(440,31,'used',-1,'2024-11-12','10:19:55'),(441,39,'used',-1,'2024-11-12','10:19:55'),(442,5,'used',-1,'2024-11-12','10:19:55'),(443,10,'used',-1,'2024-11-12','10:19:55'),(444,19,'used',-1,'2024-11-12','10:19:55'),(445,31,'used',-1,'2024-11-12','10:19:55'),(446,39,'used',-1,'2024-11-12','10:19:55'),(447,17,'used',-1,'2024-11-12','10:19:55'),(448,5,'used',-2,'2024-11-12','10:19:55'),(449,6,'used',-1,'2024-11-12','10:19:55'),(450,7,'used',-2,'2024-11-12','10:19:55'),(451,8,'used',-2,'2024-11-12','10:19:55'),(452,20,'used',-1,'2024-11-12','10:19:55'),(453,10,'used',-1,'2024-11-12','10:20:05'),(454,19,'used',-1,'2024-11-12','10:20:05'),(455,10,'used',-2,'2024-11-12','10:20:05'),(456,19,'used',-2,'2024-11-12','10:20:05'),(457,37,'used',-1,'2024-11-12','10:20:05'),(458,38,'used',-2,'2024-11-12','10:20:05'),(459,39,'used',-10,'2024-11-12','10:20:05'),(460,32,'used',-1,'2024-11-12','10:20:05'),(461,43,'used',-1,'2024-11-12','10:20:05'),(462,45,'used',-1,'2024-11-12','10:20:05'),(463,35,'used',-1,'2024-11-12','10:20:05'),(464,26,'used',-1,'2024-11-12','10:20:05'),(465,31,'used',-1,'2024-11-12','10:20:05'),(466,29,'used',-21,'2024-11-12','10:20:20'),(467,18,'used',-35,'2024-11-12','10:20:20'),(468,11,'used',-21,'2024-11-12','10:20:20'),(469,26,'used',-3,'2024-11-12','10:20:20'),(470,31,'used',-3,'2024-11-12','10:20:20'),(471,19,'used',-2,'2024-11-12','10:20:20'),(472,18,'used',-2,'2024-11-12','10:20:20'),(473,17,'used',-2,'2024-11-12','10:20:20'),(474,39,'used',-2,'2024-11-12','10:20:20'),(475,31,'used',-2,'2024-11-12','10:20:20'),(476,5,'used',-2,'2024-11-12','10:20:20'),(477,26,'used',-2,'2024-11-12','10:20:20'),(478,31,'used',-2,'2024-11-12','10:20:20'),(479,10,'used',-2,'2024-11-12','10:20:20'),(480,19,'used',-2,'2024-11-12','10:20:20'),(481,5,'used',-4,'2024-11-12','10:20:20'),(482,6,'used',-2,'2024-11-12','10:20:20'),(483,7,'used',-4,'2024-11-12','10:20:20'),(484,8,'used',-4,'2024-11-12','10:20:20'),(485,20,'used',-2,'2024-11-12','10:20:20'),(486,13,'used',-1,'2024-11-12','10:20:20'),(487,10,'used',-1,'2024-11-12','10:20:20'),(488,16,'used',-1,'2024-11-12','10:20:20'),(489,2,'used',-1,'2024-11-12','10:20:20'),(490,10,'used',-1,'2024-11-12','10:20:20'),(491,13,'used',-1,'2024-11-12','10:20:20'),(492,16,'used',-1,'2024-11-12','10:20:20'),(493,5,'used',-1,'2024-11-12','10:20:20'),(494,12,'used',-1,'2024-11-12','10:20:20'),(495,20,'used',-1,'2024-11-12','10:20:20'),(496,7,'used',-1,'2024-11-12','10:20:20'),(497,2,'used',-1,'2024-11-12','10:20:20'),(498,28,'used',-1,'2024-11-12','10:20:20'),(499,13,'used',-1,'2024-11-12','10:20:20'),(500,8,'used',-1,'2024-11-12','10:20:20'),(501,6,'used',-1,'2024-11-12','10:20:20'),(502,16,'used',-1,'2024-11-12','10:20:20'),(503,20,'used',-1,'2024-11-12','10:20:20'),(504,5,'used',-1,'2024-11-12','10:20:20'),(505,8,'used',-1,'2024-11-12','10:20:20'),(506,7,'used',-1,'2024-11-12','10:20:20'),(507,24,'used',-1,'2024-11-12','10:20:20'),(508,10,'used',-1,'2024-11-12','10:20:20'),(509,19,'used',-1,'2024-11-12','10:20:20'),(510,10,'used',-1,'2024-11-12','10:20:20'),(511,7,'used',-1,'2024-11-12','10:20:20'),(512,8,'used',-1,'2024-11-12','10:20:20'),(513,20,'used',-1,'2024-11-12','10:20:20'),(514,28,'used',-1,'2024-11-12','10:20:20'),(515,12,'used',-6,'2024-11-12','10:24:26'),(516,13,'used',-10,'2024-11-12','10:24:26'),(517,14,'used',-6,'2024-11-12','10:24:26'),(518,15,'used',-6,'2024-11-12','10:24:26'),(519,16,'used',-8,'2024-11-12','10:24:26'),(520,10,'used',-3,'2024-11-12','10:24:26'),(521,7,'used',-3,'2024-11-12','10:24:26'),(522,8,'used',-3,'2024-11-12','10:24:26'),(523,20,'used',-3,'2024-11-12','10:24:26'),(524,28,'used',-3,'2024-11-12','10:24:26'),(525,10,'used',-1,'2024-11-12','10:24:26'),(526,19,'used',-1,'2024-11-12','10:24:26'),(527,21,'used',-1,'2024-11-12','10:24:26'),(528,19,'used',-1,'2024-11-12','10:24:26'),(529,17,'used',-1,'2024-11-12','10:24:26'),(530,18,'used',-1,'2024-11-12','10:24:26'),(531,18,'restock',100,'2024-11-12','10:24:26'),(532,31,'used',-1,'2024-11-12','10:24:26'),(533,39,'used',-1,'2024-11-12','10:24:26'),(534,5,'used',-1,'2024-11-12','10:24:26'),(535,10,'used',-4,'2024-11-12','10:24:26'),(536,19,'used',-4,'2024-11-12','10:24:26'),(537,31,'used',-4,'2024-11-12','10:24:26'),(538,39,'used',-4,'2024-11-12','10:24:26'),(539,17,'used',-4,'2024-11-12','10:24:26'),(540,21,'used',-9,'2024-11-12','10:24:36'),(541,22,'used',-9,'2024-11-12','10:24:36'),(542,23,'used',-9,'2024-11-12','10:24:36'),(543,24,'used',-9,'2024-11-12','10:24:36'),(544,25,'used',-15,'2024-11-12','10:24:36'),(545,10,'used',-1,'2024-11-12','10:24:36'),(546,7,'used',-1,'2024-11-12','10:24:36'),(547,8,'used',-1,'2024-11-12','10:24:36'),(548,20,'used',-1,'2024-11-12','10:24:36'),(549,28,'used',-1,'2024-11-12','10:24:36'),(550,13,'used',-1,'2024-11-12','10:24:36'),(551,5,'used',-1,'2024-11-12','10:24:36'),(552,21,'used',-2,'2024-11-12','10:24:36'),(553,19,'used',-2,'2024-11-12','10:24:36'),(554,17,'used',-2,'2024-11-12','10:24:36'),(555,18,'used',-2,'2024-11-12','10:24:36'),(556,31,'used',-2,'2024-11-12','10:24:36'),(557,39,'used',-2,'2024-11-12','10:24:36'),(558,5,'used',-2,'2024-11-12','10:24:36'),(559,26,'used',-4,'2024-11-12','10:24:36'),(560,31,'used',-4,'2024-11-12','10:24:36'),(561,37,'used',-3,'2024-11-12','10:24:45'),(562,38,'used',-1,'2024-11-12','10:24:45'),(563,39,'used',-5,'2024-11-12','10:24:45'),(564,32,'used',-1,'2024-11-12','10:24:45'),(565,44,'used',-1,'2024-11-12','10:24:45'),(566,5,'used',-1,'2024-11-12','10:24:45'),(567,26,'used',-1,'2024-11-12','10:24:45'),(568,31,'used',-1,'2024-11-12','10:24:45'),(569,19,'used',-1,'2024-11-12','10:24:45'),(570,18,'used',-1,'2024-11-12','10:24:45'),(571,17,'used',-1,'2024-11-12','10:24:45'),(572,39,'used',-1,'2024-11-12','10:24:45'),(573,31,'used',-1,'2024-11-12','10:24:45'),(574,37,'restock',0,'2024-11-12','10:25:04'),(575,37,'used',-33,'2024-11-12','10:25:18');
/*!40000 ALTER TABLE `inventory_logs` ENABLE KEYS */;

--
-- Table structure for table `menu`
--

DROP TABLE IF EXISTS `menu`;
/*!40101 SET @saved_cs_client     = @@character_set_client */;
/*!50503 SET character_set_client = utf8mb4 */;
CREATE TABLE `menu` (
  `recipe_id` int unsigned NOT NULL AUTO_INCREMENT COMMENT 'Primary Key',
  `name` varchar(50) CHARACTER SET utf8mb4 COLLATE utf8mb4_0900_ai_ci NOT NULL,
  `ingredients` json NOT NULL COMMENT 'JSON format list of ingredientID and Quantity',
  `price` decimal(10,2) unsigned NOT NULL,
  `image` varchar(255) NOT NULL COMMENT 'Path to the image',
  `type` varchar(50) NOT NULL COMMENT 'menu type (Ex: main, side, drink)',
  `is_active` tinyint unsigned NOT NULL DEFAULT '1',
  PRIMARY KEY (`recipe_id`),
  CONSTRAINT `chk_menu_type` CHECK ((`type` in (_utf8mb4'main',_utf8mb4'side',_utf8mb4'drink')))
) ENGINE=InnoDB AUTO_INCREMENT=43 DEFAULT CHARSET=utf8mb4 COLLATE=utf8mb4_0900_ai_ci COMMENT='resturant menu items';
/*!40101 SET character_set_client = @saved_cs_client */;

--
-- Dumping data for table `menu`
--

/*!40000 ALTER TABLE `menu` DISABLE KEYS */;
INSERT INTO `menu` VALUES (1,'Cheese Pizza','[{\"quantity\": 1, \"ingredient_id\": 2}, {\"quantity\": 5, \"ingredient_id\": 1}, {\"quantity\": 1, \"ingredient_id\": 3}]',15.99,'cheese_pizza.jpg','main',1),(2,'Pepperoni Pizza','[{\"quantity\": 1, \"ingredient_id\": 2}, {\"quantity\": 5, \"ingredient_id\": 1}, {\"quantity\": 1, \"ingredient_id\": 3}, {\"quantity\": 20, \"ingredient_id\": 4}]',15.99,'pepperoni_pizza.jpg','main',1),(3,'Cheese Burger','[{\"quantity\": 2, \"ingredient_id\": 5}, {\"quantity\": 1, \"ingredient_id\": 6}, {\"quantity\": 2, \"ingredient_id\": 7}, {\"quantity\": 2, \"ingredient_id\": 8}, {\"quantity\": 1, \"ingredient_id\": 20}]',7.99,'cheese_burger.jpg','main',1),(4,'Chicken Alfredo','[{\"quantity\": 10, \"ingredient_id\": 9}, {\"quantity\": 2, \"ingredient_id\": 10}, {\"quantity\": 3, \"ingredient_id\": 11}]',10.99,'chicken_alfredo.jpg','main',1),(5,'Fish Tacos','[{\"quantity\": 3, \"ingredient_id\": 12}, {\"quantity\": 5, \"ingredient_id\": 13}, {\"quantity\": 3, \"ingredient_id\": 14}, {\"quantity\": 3, \"ingredient_id\": 15}, {\"quantity\": 4, \"ingredient_id\": 16}]',8.99,'fish_tacos.jpg','main',1),(6,'Mac and Cheese','[{\"quantity\": 7, \"ingredient_id\": 9}, {\"quantity\": 10, \"ingredient_id\": 5}, {\"quantity\": 3, \"ingredient_id\": 17}, {\"quantity\": 5, \"ingredient_id\": 18}, {\"quantity\": 3, \"ingredient_id\": 19}]',4.99,'mac_and_cheese.jpg','side',1),(7,'Hot Dogs','[{\"quantity\": 3, \"ingredient_id\": 21}, {\"quantity\": 3, \"ingredient_id\": 22}, {\"quantity\": 3, \"ingredient_id\": 23}, {\"quantity\": 3, \"ingredient_id\": 24}, {\"quantity\": 5, \"ingredient_id\": 25}]',8.99,'hot_dogs.jpg','main',1),(8,'Mashed Potatoes','[{\"quantity\": 1, \"ingredient_id\": 26}, {\"quantity\": 3, \"ingredient_id\": 18}, {\"quantity\": 1, \"ingredient_id\": 17}, {\"quantity\": 5, \"ingredient_id\": 31}]',4.99,'mashed_potatoes.jpg','side',1),(9,'Coleslaw','[{\"quantity\": 1, \"ingredient_id\": 14}, {\"quantity\": 1, \"ingredient_id\": 27}, {\"quantity\": 2, \"ingredient_id\": 28}]',3.99,'coleslaw.jpg','side',1),(10,'Garlic Bread','[{\"quantity\": 3, \"ingredient_id\": 29}, {\"quantity\": 5, \"ingredient_id\": 18}, {\"quantity\": 3, \"ingredient_id\": 11}]',4.99,'garlic_bread.jpg','side',1),(11,'Corn','[{\"quantity\": 2, \"ingredient_id\": 30}, {\"quantity\": 3, \"ingredient_id\": 31}, {\"quantity\": 5, \"ingredient_id\": 18}]',3.99,'corn.jpg','side',1),(12,'Sprite','[{\"quantity\": 1, \"ingredient_id\": 32}]',1.99,'sprite.png','drink',1),(13,'Coca-Cola','[{\"quantity\": 1, \"ingredient_id\": 33}]',1.99,'coca-cola.png','drink',1),(14,'Pepsi','[{\"quantity\": 1, \"ingredient_id\": 34}]',1.99,'pepsi.png','drink',1),(15,'Dr. Pepper','[{\"quantity\": 1, \"ingredient_id\": 35}]',1.99,'dr-pepper.png','drink',1),(16,'Fanta Orange','[{\"quantity\": 1, \"ingredient_id\": 36}]',1.99,'fanta.png','drink',1),(17,'Diet Coke','[{\"quantity\": 1, \"ingredient_id\": 37}]',1.99,'diet_coke.png','drink',1),(18,'Sweet Tea','[{\"quantity\": 1, \"ingredient_id\": 38}, {\"quantity\": 5, \"ingredient_id\": 39}]',1.99,'sweet_tea.jpg','drink',1),(20,'Fries','[{\"quantity\": 1, \"ingredient_id\": 26}, {\"quantity\": 1, \"ingredient_id\": 31}]',3.50,'fries.webp','side',1),(21,'Cheese Fries','[{\"quantity\": 1, \"ingredient_id\": 5}, {\"quantity\": 1, \"ingredient_id\": 26}, {\"quantity\": 1, \"ingredient_id\": 31}]',3.99,'cheesefries2.jpg','side',1),(22,'Waffle Fries','[{\"quantity\": 1, \"ingredient_id\": 26}, {\"quantity\": 1, \"ingredient_id\": 31}]',3.99,'wafflefries2.jpg','side',1),(23,'Chicken Nuggets','[{\"quantity\": 1, \"ingredient_id\": 10}, {\"quantity\": 1, \"ingredient_id\": 19}]',7.99,'chickennuggets.jpg','main',1),(24,'Chicken Tenders','[{\"quantity\": 1, \"ingredient_id\": 10}, {\"quantity\": 1, \"ingredient_id\": 19}]',7.99,'chickentenders.jpg','main',1),(25,'Chicken Wings','[{\"quantity\": 1, \"ingredient_id\": 10}, {\"quantity\": 1, \"ingredient_id\": 19}, {\"quantity\": 1, \"ingredient_id\": 31}]',7.99,'chickenwings.jpg','main',1),(26,'Sausage Pizza','[{\"quantity\": 1, \"ingredient_id\": 3}, {\"quantity\": 1, \"ingredient_id\": 1}, {\"quantity\": 1, \"ingredient_id\": 2}, {\"quantity\": 1, \"ingredient_id\": 21}]',15.99,'sausagepizza.jpg','main',1),(27,'Chicken Sandwich','[{\"quantity\": 1, \"ingredient_id\": 10}, {\"quantity\": 1, \"ingredient_id\": 7}, {\"quantity\": 1, \"ingredient_id\": 8}, {\"quantity\": 1, \"ingredient_id\": 20}, {\"quantity\": 1, \"ingredient_id\": 28}]',7.99,'chickensandwich.jpg','main',1),(28,'Beef Taco','[{\"quantity\": 1, \"ingredient_id\": 13}, {\"quantity\": 1, \"ingredient_id\": 8}, {\"quantity\": 1, \"ingredient_id\": 6}, {\"quantity\": 1, \"ingredient_id\": 16}]',8.99,'beeftaco.jpg','main',1),(29,'Chicken Taco','[{\"quantity\": 1, \"ingredient_id\": 13}, {\"quantity\": 1, \"ingredient_id\": 10}, {\"quantity\": 1, \"ingredient_id\": 16}, {\"quantity\": 1, \"ingredient_id\": 2}]',8.99,'chickentaco.jpg','main',1),(30,'Biscuits','[{\"quantity\": 1, \"ingredient_id\": 19}, {\"quantity\": 1, \"ingredient_id\": 18}, {\"quantity\": 1, \"ingredient_id\": 17}, {\"quantity\": 1, \"ingredient_id\": 39}, {\"quantity\": 1, \"ingredient_id\": 31}]',4.99,'biscuits.jpg','side',1),(31,'Hash Browns','[{\"quantity\": 1, \"ingredient_id\": 26}, {\"quantity\": 1, \"ingredient_id\": 31}]',3.99,'hashbrowns.jpg','side',1),(32,'Chicken Biscuit','[{\"quantity\": 1, \"ingredient_id\": 10}, {\"quantity\": 1, \"ingredient_id\": 19}, {\"quantity\": 1, \"ingredient_id\": 31}, {\"quantity\": 1, \"ingredient_id\": 39}, {\"quantity\": 1, \"ingredient_id\": 17}]',6.59,'chickenbiscuit.jpg','main',1),(33,'Sausage Biscuit','[{\"quantity\": 1, \"ingredient_id\": 21}, {\"quantity\": 1, \"ingredient_id\": 19}, {\"quantity\": 1, \"ingredient_id\": 17}, {\"quantity\": 1, \"ingredient_id\": 18}, {\"quantity\": 1, \"ingredient_id\": 31}, {\"quantity\": 1, \"ingredient_id\": 39}, {\"quantity\": 1, \"ingredient_id\": 5}]',6.56,'sausagebiscuit.jpg','main',1),(34,'Chicken Quesadilla','[{\"quantity\": 1, \"ingredient_id\": 10}, {\"quantity\": 1, \"ingredient_id\": 13}, {\"quantity\": 1, \"ingredient_id\": 16}, {\"quantity\": 1, \"ingredient_id\": 5}]',7.99,'chickenquesadilla.webp','main',1),(35,'Cheese Quesadilla','[{\"quantity\": 1, \"ingredient_id\": 13}, {\"quantity\": 1, \"ingredient_id\": 5}]',5.99,'cheesequesadilla.jpg','main',1),(36,'Lemonade','[{\"quantity\": 1, \"ingredient_id\": 40}, {\"quantity\": 1, \"ingredient_id\": 39}]',1.99,'lemonade.jpg','drink',1),(37,'Fish Sandwich','[{\"quantity\": 1, \"ingredient_id\": 12}, {\"quantity\": 1, \"ingredient_id\": 20}, {\"quantity\": 1, \"ingredient_id\": 7}, {\"quantity\": 1, \"ingredient_id\": 2}, {\"quantity\": 1, \"ingredient_id\": 28}]',7.99,'fishsandwich.jpg','main',1),(38,'Hamburger','[{\"quantity\": 1, \"ingredient_id\": 20}, {\"quantity\": 1, \"ingredient_id\": 5}, {\"quantity\": 1, \"ingredient_id\": 8}, {\"quantity\": 1, \"ingredient_id\": 7}, {\"quantity\": 1, \"ingredient_id\": 24}]',7.99,'hamburger.jpg','main',1),(39,'Hawaiian Pizza','[{\"quantity\": 1, \"ingredient_id\": 3}, {\"quantity\": 1, \"ingredient_id\": 1}, {\"quantity\": 1, \"ingredient_id\": 2}, {\"quantity\": 1, \"ingredient_id\": 41}, {\"quantity\": 1, \"ingredient_id\": 42}]',15.99,'hawaiianpizza.jpg','main',1),(40,'Powerade','[{\"quantity\": 1, \"ingredient_id\": 44}]',1.99,'powerade.jpeg','drink',1),(41,'Mountain Dew','[{\"quantity\": 1, \"ingredient_id\": 43}]',1.99,'mountaindew.webp','drink',1),(42,'Water','[{\"quantity\": 1, \"ingredient_id\": 45}]',1.99,'water.jpg','drink',1);
/*!40000 ALTER TABLE `menu` ENABLE KEYS */;

--
-- Table structure for table `orders`
--

DROP TABLE IF EXISTS `orders`;
/*!40101 SET @saved_cs_client     = @@character_set_client */;
/*!50503 SET character_set_client = utf8mb4 */;
CREATE TABLE `orders` (
  `order_id` int unsigned NOT NULL AUTO_INCREMENT COMMENT 'Primary Key',
  `items` json NOT NULL COMMENT 'JSON format list of Recipes and Quantity',
  `waiter_id` int unsigned NOT NULL,
  `customer_id` int unsigned DEFAULT NULL,
  `subtotal` decimal(10,2) unsigned NOT NULL,
  `tip_percent` int unsigned NOT NULL,
  `tip_amount` decimal(10,2) unsigned NOT NULL,
  `total` decimal(10,2) unsigned NOT NULL,
  `received_amount` decimal(10,2) unsigned NOT NULL,
  `change_amount` decimal(10,2) unsigned NOT NULL,
  `tax_amount` decimal(10,2) unsigned NOT NULL,
  `time` timestamp NOT NULL DEFAULT CURRENT_TIMESTAMP,
  `special_requests` varchar(255) DEFAULT NULL,
  `promoCode_id` int unsigned DEFAULT NULL,
  `table_number` int unsigned NOT NULL,
  `pointsEarned` int unsigned DEFAULT NULL,
  `discount_type` varchar(30) CHARACTER SET utf8mb4 COLLATE utf8mb4_0900_ai_ci DEFAULT NULL,
  `discount_amount` decimal(10,2) unsigned NOT NULL DEFAULT '0.00',
  `discount_percent` int unsigned DEFAULT NULL,
  PRIMARY KEY (`order_id`),
  KEY `fk_orders_waiter_id` (`waiter_id`),
  KEY `fk_orders_customer_id` (`customer_id`),
  KEY `fk_orders_promoCode_id` (`promoCode_id`),
  CONSTRAINT `fk_orders_customer_id` FOREIGN KEY (`customer_id`) REFERENCES `users` (`user_id`) ON UPDATE CASCADE,
  CONSTRAINT `fk_orders_promoCode_id` FOREIGN KEY (`promoCode_id`) REFERENCES `promotion_codes` (`promoCode_id`) ON UPDATE CASCADE,
  CONSTRAINT `fk_orders_waiter_id` FOREIGN KEY (`waiter_id`) REFERENCES `employees` (`employee_id`) ON UPDATE CASCADE
) ENGINE=InnoDB AUTO_INCREMENT=38 DEFAULT CHARSET=utf8mb4 COLLATE=utf8mb4_0900_ai_ci COMMENT='receipt and payment info';
/*!40101 SET character_set_client = @saved_cs_client */;

--
-- Dumping data for table `orders`
--

/*!40000 ALTER TABLE `orders` DISABLE KEYS */;
INSERT INTO `orders` VALUES (1,'[{\"name\": \"Sprite\", \"type\": \"drink\", \"image\": \"sprite.png\", \"price\": \"1.99\", \"quantity\": 14, \"is_active\": 1, \"recipe_id\": 12, \"ingredients\": [{\"quantity\": 1, \"ingredient_id\": 32}]}]',1,1,27.86,15,1.18,9.69,10.00,0.31,0.65,'2024-10-25 19:44:07','',1,1,7,'LoyaltyPoints',20.00,0),(2,'[{\"name\": \"Sprite\", \"type\": \"drink\", \"image\": \"sprite.png\", \"price\": \"1.99\", \"quantity\": 21, \"is_active\": 1, \"recipe_id\": 12, \"ingredients\": [{\"quantity\": 1, \"ingredient_id\": 32}]}]',1,1,41.79,15,3.27,26.86,30.00,3.14,1.80,'2024-10-25 19:45:18','',NULL,5,21,'LoyaltyPoints',20.00,0),(3,'[{\"name\": \"Sprite\", \"type\": \"drink\", \"image\": \"sprite.png\", \"price\": \"1.99\", \"quantity\": 15, \"is_active\": 1, \"recipe_id\": 12, \"ingredients\": [{\"quantity\": 1, \"ingredient_id\": 32}]}]',1,NULL,29.85,0,0.00,29.08,30.00,0.92,2.22,'2024-10-25 19:45:51','',NULL,11,26,'Military',2.99,10),(4,'[{\"name\": \"Coca-Cola\", \"type\": \"drink\", \"image\": \"coca-cola.png\", \"price\": \"1.99\", \"quantity\": 5, \"is_active\": 1, \"recipe_id\": 13, \"ingredients\": [{\"quantity\": 1, \"ingredient_id\": 33}]}, {\"name\": \"Sprite\", \"type\": \"drink\", \"image\": \"sprite.png\", \"price\": \"1.99\", \"quantity\": 5, \"is_active\": 1, \"recipe_id\": 12, \"ingredients\": [{\"quantity\": 1, \"ingredient_id\": 32}]}]',1,NULL,19.90,0,0.00,17.23,20.00,2.77,1.31,'2024-10-25 19:46:49','',1,30,15,'PromoCode',3.98,20),(13,'[{\"name\": \"Sweet Tea\", \"type\": \"drink\", \"image\": \"sweet_tea.jpg\", \"price\": \"1.99\", \"quantity\": 1, \"is_active\": 1, \"recipe_id\": 18, \"ingredients\": [{\"quantity\": 1, \"ingredient_id\": 38}, {\"quantity\": 5, \"ingredient_id\": 39}]}]',1,NULL,1.99,0,0.00,2.15,4.00,1.85,0.16,'2024-10-27 20:37:01','',NULL,4,1,NULL,0.00,10),(14,'[{\"name\": \"Pepperoni Pizza\", \"type\": \"main\", \"image\": \"pepperoni_pizza.jpg\", \"price\": \"15.99\", \"quantity\": 4, \"is_active\": 1, \"recipe_id\": 2, \"ingredients\": [{\"quantity\": 1, \"ingredient_id\": 2}, {\"quantity\": 5, \"ingredient_id\": 1}, {\"quantity\": 1, \"ingredient_id\": 3}, {\"quantity\": 20, \"ingredient_id\": 4}]}]',1,NULL,63.96,10,6.40,75.63,80.00,4.37,5.28,'2024-10-27 20:55:08','',NULL,5,63,NULL,0.00,10),(15,'[{\"name\": \"Cheese Burger\", \"type\": \"main\", \"image\": \"cheese_burger.jpg\", \"price\": \"7.99\", \"quantity\": 1, \"is_active\": 1, \"recipe_id\": 3, \"ingredients\": [{\"quantity\": 2, \"ingredient_id\": 5}, {\"quantity\": 1, \"ingredient_id\": 6}, {\"quantity\": 2, \"ingredient_id\": 7}, {\"quantity\": 2, \"ingredient_id\": 8}, {\"quantity\": 1, \"ingredient_id\": 20}]}, {\"name\": \"Diet Coke\", \"type\": \"drink\", \"image\": \"diet_coke.png\", \"price\": \"1.99\", \"quantity\": 1, \"is_active\": 1, \"recipe_id\": 17, \"ingredients\": [{\"quantity\": 1, \"ingredient_id\": 37}]}]',1,NULL,9.98,25,2.50,13.30,20.00,6.70,0.82,'2024-10-27 23:54:10','',NULL,1,9,NULL,0.00,10),(16,'[{\"name\": \"Cheese Burger\", \"type\": \"main\", \"image\": \"cheese_burger.jpg\", \"price\": \"7.99\", \"quantity\": 1, \"is_active\": 1, \"recipe_id\": 3, \"ingredients\": [{\"quantity\": 2, \"ingredient_id\": 5}, {\"quantity\": 1, \"ingredient_id\": 6}, {\"quantity\": 2, \"ingredient_id\": 7}, {\"quantity\": 2, \"ingredient_id\": 8}, {\"quantity\": 1, \"ingredient_id\": 20}]}, {\"name\": \"Diet Coke\", \"type\": \"drink\", \"image\": \"diet_coke.png\", \"price\": \"1.99\", \"quantity\": 1, \"is_active\": 1, \"recipe_id\": 17, \"ingredients\": [{\"quantity\": 1, \"ingredient_id\": 37}]}]',1,NULL,9.98,25,2.50,13.30,20.00,6.70,0.82,'2024-10-27 23:54:10','',NULL,1,9,NULL,0.00,10),(17,'[{\"name\": \"Dr. Pepper\", \"type\": \"drink\", \"image\": \"dr-pepper.png\", \"price\": \"1.99\", \"quantity\": 13, \"is_active\": 1, \"recipe_id\": 15, \"ingredients\": [{\"quantity\": 1, \"ingredient_id\": 35}]}, {\"name\": \"Garlic Bread\", \"type\": \"side\", \"image\": \"garlic_bread.jpg\", \"price\": \"4.99\", \"quantity\": 8, \"is_active\": 1, \"recipe_id\": 10, \"ingredients\": [{\"quantity\": 3, \"ingredient_id\": 29}, {\"quantity\": 5, \"ingredient_id\": 18}, {\"quantity\": 3, \"ingredient_id\": 11}]}]',1,NULL,65.79,25,16.45,87.67,100.00,12.33,5.43,'2024-10-28 03:02:08','',NULL,7,65,NULL,0.00,10),(18,'[{\"name\": \"Chicken Alfredo\", \"type\": \"main\", \"image\": \"chicken_alfredo.jpg\", \"price\": \"10.99\", \"quantity\": 1, \"is_active\": 1, \"recipe_id\": 4, \"ingredients\": [{\"quantity\": 10, \"ingredient_id\": 9}, {\"quantity\": 2, \"ingredient_id\": 10}, {\"quantity\": 3, \"ingredient_id\": 11}]}]',1,NULL,10.99,0,0.00,11.90,12.00,0.10,0.91,'2024-10-29 00:15:35','',NULL,5,10,NULL,0.00,10),(19,'[{\"name\": \"Dr. Pepper\", \"type\": \"drink\", \"image\": \"dr-pepper.png\", \"price\": \"1.99\", \"quantity\": 1, \"is_active\": 1, \"recipe_id\": 15, \"ingredients\": [{\"quantity\": 1, \"ingredient_id\": 35}]}, {\"name\": \"Pepsi\", \"type\": \"drink\", \"image\": \"pepsi.png\", \"price\": \"1.99\", \"quantity\": 1, \"is_active\": 1, \"recipe_id\": 14, \"ingredients\": [{\"quantity\": 1, \"ingredient_id\": 34}]}, {\"name\": \"Cheese Burger\", \"type\": \"main\", \"image\": \"cheese_burger.jpg\", \"price\": \"7.99\", \"quantity\": 3, \"is_active\": 1, \"recipe_id\": 3, \"ingredients\": [{\"quantity\": 2, \"ingredient_id\": 5}, {\"quantity\": 1, \"ingredient_id\": 6}, {\"quantity\": 2, \"ingredient_id\": 7}, {\"quantity\": 2, \"ingredient_id\": 8}, {\"quantity\": 1, \"ingredient_id\": 20}]}, {\"name\": \"Hot Dogs\", \"type\": \"main\", \"image\": \"hot_dogs.jpg\", \"price\": \"8.99\", \"quantity\": 1, \"is_active\": 1, \"recipe_id\": 7, \"ingredients\": [{\"quantity\": 3, \"ingredient_id\": 21}, {\"quantity\": 3, \"ingredient_id\": 22}, {\"quantity\": 3, \"ingredient_id\": 23}, {\"quantity\": 3, \"ingredient_id\": 24}, {\"quantity\": 5, \"ingredient_id\": 25}]}, {\"name\": \"Fish Tacos\", \"type\": \"main\", \"image\": \"fish_tacos.jpg\", \"price\": \"8.99\", \"quantity\": 1, \"is_active\": 1, \"recipe_id\": 5, \"ingredients\": [{\"quantity\": 3, \"ingredient_id\": 12}, {\"quantity\": 5, \"ingredient_id\": 13}, {\"quantity\": 3, \"ingredient_id\": 14}, {\"quantity\": 3, \"ingredient_id\": 15}, {\"quantity\": 4, \"ingredient_id\": 16}]}]',1,NULL,45.93,5,2.07,46.82,420.00,373.18,3.41,'2024-10-29 19:54:08','ojwefoijaweiofjawefff',NULL,1,41,'Military',4.59,10),(20,'[{\"name\": \"Pepperoni Pizza\", \"type\": \"main\", \"image\": \"pepperoni_pizza.jpg\", \"price\": \"15.99\", \"quantity\": 2, \"is_active\": 1, \"recipe_id\": 2, \"ingredients\": [{\"quantity\": 1, \"ingredient_id\": 2}, {\"quantity\": 5, \"ingredient_id\": 1}, {\"quantity\": 1, \"ingredient_id\": 3}, {\"quantity\": 20, \"ingredient_id\": 4}]}, {\"name\": \"Cheese Burger\", \"type\": \"main\", \"image\": \"cheese_burger.jpg\", \"price\": \"7.99\", \"quantity\": 1, \"is_active\": 1, \"recipe_id\": 3, \"ingredients\": [{\"quantity\": 2, \"ingredient_id\": 5}, {\"quantity\": 1, \"ingredient_id\": 6}, {\"quantity\": 2, \"ingredient_id\": 7}, {\"quantity\": 2, \"ingredient_id\": 8}, {\"quantity\": 1, \"ingredient_id\": 20}]}, {\"name\": \"Sprite\", \"type\": \"drink\", \"image\": \"sprite.png\", \"price\": \"1.99\", \"quantity\": 1, \"is_active\": 1, \"recipe_id\": 12, \"ingredients\": [{\"quantity\": 1, \"ingredient_id\": 32}]}, {\"name\": \"Corn\", \"type\": \"side\", \"image\": \"corn.jpg\", \"price\": \"3.99\", \"quantity\": 1, \"is_active\": 1, \"recipe_id\": 11, \"ingredients\": [{\"quantity\": 2, \"ingredient_id\": 30}, {\"quantity\": 3, \"ingredient_id\": 31}, {\"quantity\": 5, \"ingredient_id\": 18}]}, {\"name\": \"Coleslaw\", \"type\": \"side\", \"image\": \"coleslaw.jpg\", \"price\": \"3.99\", \"quantity\": 1, \"is_active\": 1, \"recipe_id\": 9, \"ingredients\": [{\"quantity\": 1, \"ingredient_id\": 14}, {\"quantity\": 1, \"ingredient_id\": 27}, {\"quantity\": 2, \"ingredient_id\": 28}]}, {\"name\": \"Fish Tacos\", \"type\": \"main\", \"image\": \"fish_tacos.jpg\", \"price\": \"8.99\", \"quantity\": 1, \"is_active\": 1, \"recipe_id\": 5, \"ingredients\": [{\"quantity\": 3, \"ingredient_id\": 12}, {\"quantity\": 5, \"ingredient_id\": 13}, {\"quantity\": 3, \"ingredient_id\": 14}, {\"quantity\": 3, \"ingredient_id\": 15}, {\"quantity\": 4, \"ingredient_id\": 16}]}, {\"name\": \"Hot Dogs\", \"type\": \"main\", \"image\": \"hot_dogs.jpg\", \"price\": \"8.99\", \"quantity\": 1, \"is_active\": 1, \"recipe_id\": 7, \"ingredients\": [{\"quantity\": 3, \"ingredient_id\": 21}, {\"quantity\": 3, \"ingredient_id\": 22}, {\"quantity\": 3, \"ingredient_id\": 23}, {\"quantity\": 3, \"ingredient_id\": 24}, {\"quantity\": 5, \"ingredient_id\": 25}]}, {\"name\": \"Dr. Pepper\", \"type\": \"drink\", \"image\": \"dr-pepper.png\", \"price\": \"1.99\", \"quantity\": 1, \"is_active\": 1, \"recipe_id\": 15, \"ingredients\": [{\"quantity\": 1, \"ingredient_id\": 35}]}, {\"name\": \"Mashed Potatoes\", \"type\": \"side\", \"image\": \"mashed_potatoes.jpg\", \"price\": \"4.99\", \"quantity\": 1, \"is_active\": 1, \"recipe_id\": 8, \"ingredients\": [{\"quantity\": 1, \"ingredient_id\": 26}, {\"quantity\": 3, \"ingredient_id\": 18}, {\"quantity\": 1, \"ingredient_id\": 17}, {\"quantity\": 5, \"ingredient_id\": 31}]}]',1,NULL,74.90,15,10.11,83.08,100.00,16.92,5.56,'2024-10-31 19:31:33','',NULL,30,67,'Military',7.49,10),(21,'[{\"name\": \"Cheese Pizza\", \"type\": \"main\", \"image\": \"cheese_pizza.jpg\", \"price\": \"15.99\", \"quantity\": 1, \"is_active\": 1, \"recipe_id\": 1, \"ingredients\": [{\"quantity\": 1, \"ingredient_id\": 2}, {\"quantity\": 5, \"ingredient_id\": 1}, {\"quantity\": 1, \"ingredient_id\": 3}]}, {\"name\": \"Pepperoni Pizza\", \"type\": \"main\", \"image\": \"pepperoni_pizza.jpg\", \"price\": \"15.99\", \"quantity\": 1, \"is_active\": 1, \"recipe_id\": 2, \"ingredients\": [{\"quantity\": 1, \"ingredient_id\": 2}, {\"quantity\": 5, \"ingredient_id\": 1}, {\"quantity\": 1, \"ingredient_id\": 3}, {\"quantity\": 20, \"ingredient_id\": 4}]}, {\"name\": \"Chicken Alfredo\", \"type\": \"main\", \"image\": \"chicken_alfredo.jpg\", \"price\": \"10.99\", \"quantity\": 1, \"is_active\": 1, \"recipe_id\": 4, \"ingredients\": [{\"quantity\": 10, \"ingredient_id\": 9}, {\"quantity\": 2, \"ingredient_id\": 10}, {\"quantity\": 3, \"ingredient_id\": 11}]}, {\"name\": \"Fish Tacos\", \"type\": \"main\", \"image\": \"fish_tacos.jpg\", \"price\": \"8.99\", \"quantity\": 2, \"is_active\": 1, \"recipe_id\": 5, \"ingredients\": [{\"quantity\": 3, \"ingredient_id\": 12}, {\"quantity\": 5, \"ingredient_id\": 13}, {\"quantity\": 3, \"ingredient_id\": 14}, {\"quantity\": 3, \"ingredient_id\": 15}, {\"quantity\": 4, \"ingredient_id\": 16}]}, {\"name\": \"Hot Dogs\", \"type\": \"main\", \"image\": \"hot_dogs.jpg\", \"price\": \"8.99\", \"quantity\": 2, \"is_active\": 1, \"recipe_id\": 7, \"ingredients\": [{\"quantity\": 3, \"ingredient_id\": 21}, {\"quantity\": 3, \"ingredient_id\": 22}, {\"quantity\": 3, \"ingredient_id\": 23}, {\"quantity\": 3, \"ingredient_id\": 24}, {\"quantity\": 5, \"ingredient_id\": 25}]}]',1,NULL,78.93,25,17.56,93.61,100.00,6.39,5.80,'2024-10-31 19:58:15','',2,29,70,'PromoCode',8.68,11),(22,'[{\"name\": \"Fish Tacos\", \"type\": \"main\", \"image\": \"fish_tacos.jpg\", \"price\": \"8.99\", \"quantity\": 2, \"is_active\": 1, \"recipe_id\": 5, \"ingredients\": [{\"quantity\": 3, \"ingredient_id\": 12}, {\"quantity\": 5, \"ingredient_id\": 13}, {\"quantity\": 3, \"ingredient_id\": 14}, {\"quantity\": 3, \"ingredient_id\": 15}, {\"quantity\": 4, \"ingredient_id\": 16}]}, {\"name\": \"Chicken Alfredo\", \"type\": \"main\", \"image\": \"chicken_alfredo.jpg\", \"price\": \"10.99\", \"quantity\": 1, \"is_active\": 1, \"recipe_id\": 4, \"ingredients\": [{\"quantity\": 10, \"ingredient_id\": 9}, {\"quantity\": 2, \"ingredient_id\": 10}, {\"quantity\": 3, \"ingredient_id\": 11}]}, {\"name\": \"Corn\", \"type\": \"side\", \"image\": \"corn.jpg\", \"price\": \"3.99\", \"quantity\": 1, \"is_active\": 1, \"recipe_id\": 11, \"ingredients\": [{\"quantity\": 2, \"ingredient_id\": 30}, {\"quantity\": 3, \"ingredient_id\": 31}, {\"quantity\": 5, \"ingredient_id\": 18}]}, {\"name\": \"Hot Dogs\", \"type\": \"main\", \"image\": \"hot_dogs.jpg\", \"price\": \"8.99\", \"quantity\": 1, \"is_active\": 1, \"recipe_id\": 7, \"ingredients\": [{\"quantity\": 3, \"ingredient_id\": 21}, {\"quantity\": 3, \"ingredient_id\": 22}, {\"quantity\": 3, \"ingredient_id\": 23}, {\"quantity\": 3, \"ingredient_id\": 24}, {\"quantity\": 5, \"ingredient_id\": 25}]}, {\"name\": \"Coca-Cola\", \"type\": \"drink\", \"image\": \"coca-cola.png\", \"price\": \"1.99\", \"quantity\": 1, \"is_active\": 1, \"recipe_id\": 13, \"ingredients\": [{\"quantity\": 1, \"ingredient_id\": 33}]}, {\"name\": \"Cheese Burger\", \"type\": \"main\", \"image\": \"cheese_burger.jpg\", \"price\": \"7.99\", \"quantity\": 1, \"is_active\": 1, \"recipe_id\": 3, \"ingredients\": [{\"quantity\": 2, \"ingredient_id\": 5}, {\"quantity\": 1, \"ingredient_id\": 6}, {\"quantity\": 2, \"ingredient_id\": 7}, {\"quantity\": 2, \"ingredient_id\": 8}, {\"quantity\": 1, \"ingredient_id\": 20}]}]',2,NULL,51.93,5,2.08,47.04,50.00,2.96,3.43,'2024-10-31 19:59:13','',1,28,41,'PromoCode',10.39,20),(23,'[{\"name\": \"Cheese Pizza\", \"type\": \"main\", \"image\": \"cheese_pizza.jpg\", \"price\": \"15.99\", \"quantity\": 7, \"is_active\": 1, \"recipe_id\": 1, \"ingredients\": [{\"quantity\": 1, \"ingredient_id\": 2}, {\"quantity\": 5, \"ingredient_id\": 1}, {\"quantity\": 1, \"ingredient_id\": 3}]}]',2,1,111.93,25,25.19,134.24,140.00,5.76,8.31,'2024-11-12 14:12:48','',NULL,1,100,'Military',11.19,10),(25,'[{\"name\": \"Hamburger\", \"type\": \"main\", \"image\": \"hamburger.jpg\", \"price\": \"7.99\", \"quantity\": 13, \"is_active\": 1, \"recipe_id\": 38, \"ingredients\": [{\"quantity\": 1, \"ingredient_id\": 20}, {\"quantity\": 1, \"ingredient_id\": 5}, {\"quantity\": 1, \"ingredient_id\": 8}, {\"quantity\": 1, \"ingredient_id\": 7}, {\"quantity\": 1, \"ingredient_id\": 24}]}]',2,2,103.87,0,0.00,112.44,120.00,7.56,8.57,'2024-11-12 15:52:31','',NULL,10,103,NULL,0.00,0),(26,'[{\"name\": \"Beef Taco\", \"type\": \"main\", \"image\": \"beeftaco.jpg\", \"price\": \"8.99\", \"quantity\": 2, \"is_active\": 1, \"recipe_id\": 28, \"ingredients\": [{\"quantity\": 1, \"ingredient_id\": 13}, {\"quantity\": 1, \"ingredient_id\": 8}, {\"quantity\": 1, \"ingredient_id\": 6}, {\"quantity\": 1, \"ingredient_id\": 16}]}, {\"name\": \"Chicken Taco\", \"type\": \"main\", \"image\": \"chickentaco.jpg\", \"price\": \"8.99\", \"quantity\": 1, \"is_active\": 1, \"recipe_id\": 29, \"ingredients\": [{\"quantity\": 1, \"ingredient_id\": 13}, {\"quantity\": 1, \"ingredient_id\": 10}, {\"quantity\": 1, \"ingredient_id\": 16}, {\"quantity\": 1, \"ingredient_id\": 2}]}, {\"name\": \"Cheese Burger\", \"type\": \"main\", \"image\": \"cheese_burger.jpg\", \"price\": \"7.99\", \"quantity\": 1, \"is_active\": 1, \"recipe_id\": 3, \"ingredients\": [{\"quantity\": 2, \"ingredient_id\": 5}, {\"quantity\": 1, \"ingredient_id\": 6}, {\"quantity\": 2, \"ingredient_id\": 7}, {\"quantity\": 2, \"ingredient_id\": 8}, {\"quantity\": 1, \"ingredient_id\": 20}]}, {\"name\": \"Chicken Tenders\", \"type\": \"main\", \"image\": \"chickentenders.jpg\", \"price\": \"7.99\", \"quantity\": 1, \"is_active\": 1, \"recipe_id\": 24, \"ingredients\": [{\"quantity\": 1, \"ingredient_id\": 10}, {\"quantity\": 1, \"ingredient_id\": 19}]}, {\"name\": \"Chicken Nuggets\", \"type\": \"main\", \"image\": \"chickennuggets.jpg\", \"price\": \"7.99\", \"quantity\": 1, \"is_active\": 1, \"recipe_id\": 23, \"ingredients\": [{\"quantity\": 1, \"ingredient_id\": 10}, {\"quantity\": 1, \"ingredient_id\": 19}]}, {\"name\": \"Chicken Sandwich\", \"type\": \"main\", \"image\": \"chickensandwich.jpg\", \"price\": \"7.99\", \"quantity\": 1, \"is_active\": 1, \"recipe_id\": 27, \"ingredients\": [{\"quantity\": 1, \"ingredient_id\": 10}, {\"quantity\": 1, \"ingredient_id\": 7}, {\"quantity\": 1, \"ingredient_id\": 8}, {\"quantity\": 1, \"ingredient_id\": 20}, {\"quantity\": 1, \"ingredient_id\": 28}]}, {\"name\": \"Chicken Wings\", \"type\": \"main\", \"image\": \"chickenwings.jpg\", \"price\": \"7.99\", \"quantity\": 1, \"is_active\": 1, \"recipe_id\": 25, \"ingredients\": [{\"quantity\": 1, \"ingredient_id\": 10}, {\"quantity\": 1, \"ingredient_id\": 19}, {\"quantity\": 1, \"ingredient_id\": 31}]}, {\"name\": \"Cheese Quesadilla\", \"type\": \"main\", \"image\": \"cheesequesadilla.jpg\", \"price\": \"5.99\", \"quantity\": 1, \"is_active\": 1, \"recipe_id\": 35, \"ingredients\": [{\"quantity\": 1, \"ingredient_id\": 13}, {\"quantity\": 1, \"ingredient_id\": 5}]}, {\"name\": \"Sausage Biscuit\", \"type\": \"main\", \"image\": \"sausagebiscuit.jpg\", \"price\": \"6.56\", \"quantity\": 1, \"is_active\": 1, \"recipe_id\": 33, \"ingredients\": [{\"quantity\": 1, \"ingredient_id\": 21}, {\"quantity\": 1, \"ingredient_id\": 19}, {\"quantity\": 1, \"ingredient_id\": 17}, {\"quantity\": 1, \"ingredient_id\": 18}, {\"quantity\": 1, \"ingredient_id\": 31}, {\"quantity\": 1, \"ingredient_id\": 39}, {\"quantity\": 1, \"ingredient_id\": 5}]}, {\"name\": \"Chicken Biscuit\", \"type\": \"main\", \"image\": \"chickenbiscuit.jpg\", \"price\": \"6.59\", \"quantity\": 16, \"is_active\": 1, \"recipe_id\": 32, \"ingredients\": [{\"quantity\": 1, \"ingredient_id\": 10}, {\"quantity\": 1, \"ingredient_id\": 19}, {\"quantity\": 1, \"ingredient_id\": 31}, {\"quantity\": 1, \"ingredient_id\": 39}, {\"quantity\": 1, \"ingredient_id\": 17}]}, {\"name\": \"Hamburger\", \"type\": \"main\", \"image\": \"hamburger.jpg\", \"price\": \"7.99\", \"quantity\": 2, \"is_active\": 1, \"recipe_id\": 38, \"ingredients\": [{\"quantity\": 1, \"ingredient_id\": 20}, {\"quantity\": 1, \"ingredient_id\": 5}, {\"quantity\": 1, \"ingredient_id\": 8}, {\"quantity\": 1, \"ingredient_id\": 7}, {\"quantity\": 1, \"ingredient_id\": 24}]}]',2,2,200.89,0,0.00,206.64,210.00,3.36,15.75,'2024-11-12 15:53:54','',NULL,12,190,'LoyaltyPoints',10.00,0),(27,'[{\"name\": \"Diet Coke\", \"type\": \"drink\", \"image\": \"diet_coke.png\", \"price\": \"1.99\", \"quantity\": 10, \"is_active\": 1, \"recipe_id\": 17, \"ingredients\": [{\"quantity\": 1, \"ingredient_id\": 37}]}]',1,NULL,19.90,0,0.00,21.54,30.00,8.46,1.64,'2024-11-12 15:59:47','',NULL,6,19,NULL,0.00,0),(28,'[{\"name\": \"Biscuits\", \"type\": \"side\", \"image\": \"biscuits.jpg\", \"price\": \"4.99\", \"quantity\": 1, \"is_active\": 1, \"recipe_id\": 30, \"ingredients\": [{\"quantity\": 1, \"ingredient_id\": 19}, {\"quantity\": 1, \"ingredient_id\": 18}, {\"quantity\": 1, \"ingredient_id\": 17}, {\"quantity\": 1, \"ingredient_id\": 39}, {\"quantity\": 1, \"ingredient_id\": 31}]}, {\"name\": \"Cheese Fries\", \"type\": \"side\", \"image\": \"cheesefries2.jpg\", \"price\": \"3.99\", \"quantity\": 1, \"is_active\": 1, \"recipe_id\": 21, \"ingredients\": [{\"quantity\": 1, \"ingredient_id\": 5}, {\"quantity\": 1, \"ingredient_id\": 26}, {\"quantity\": 1, \"ingredient_id\": 31}]}, {\"name\": \"Waffle Fries\", \"type\": \"side\", \"image\": \"wafflefries2.jpg\", \"price\": \"3.99\", \"quantity\": 1, \"is_active\": 1, \"recipe_id\": 22, \"ingredients\": [{\"quantity\": 1, \"ingredient_id\": 26}, {\"quantity\": 1, \"ingredient_id\": 31}]}, {\"name\": \"Hash Browns\", \"type\": \"side\", \"image\": \"hashbrowns.jpg\", \"price\": \"3.99\", \"quantity\": 1, \"is_active\": 1, \"recipe_id\": 31, \"ingredients\": [{\"quantity\": 1, \"ingredient_id\": 26}, {\"quantity\": 1, \"ingredient_id\": 31}]}, {\"name\": \"Coleslaw\", \"type\": \"side\", \"image\": \"coleslaw.jpg\", \"price\": \"3.99\", \"quantity\": 1, \"is_active\": 1, \"recipe_id\": 9, \"ingredients\": [{\"quantity\": 1, \"ingredient_id\": 14}, {\"quantity\": 1, \"ingredient_id\": 27}, {\"quantity\": 2, \"ingredient_id\": 28}]}, {\"name\": \"Lemonade\", \"type\": \"drink\", \"image\": \"lemonade.jpg\", \"price\": \"1.99\", \"quantity\": 1, \"is_active\": 1, \"recipe_id\": 36, \"ingredients\": [{\"quantity\": 1, \"ingredient_id\": 40}, {\"quantity\": 1, \"ingredient_id\": 39}]}, {\"name\": \"Dr. Pepper\", \"type\": \"drink\", \"image\": \"dr-pepper.png\", \"price\": \"1.99\", \"quantity\": 1, \"is_active\": 1, \"recipe_id\": 15, \"ingredients\": [{\"quantity\": 1, \"ingredient_id\": 35}]}, {\"name\": \"Chicken Alfredo\", \"type\": \"main\", \"image\": \"chicken_alfredo.jpg\", \"price\": \"10.99\", \"quantity\": 1, \"is_active\": 1, \"recipe_id\": 4, \"ingredients\": [{\"quantity\": 10, \"ingredient_id\": 9}, {\"quantity\": 2, \"ingredient_id\": 10}, {\"quantity\": 3, \"ingredient_id\": 11}]}, {\"name\": \"Hawaiian Pizza\", \"type\": \"main\", \"image\": \"hawaiianpizza.jpg\", \"price\": \"15.99\", \"quantity\": 1, \"is_active\": 1, \"recipe_id\": 39, \"ingredients\": [{\"quantity\": 1, \"ingredient_id\": 3}, {\"quantity\": 1, \"ingredient_id\": 1}, {\"quantity\": 1, \"ingredient_id\": 2}, {\"quantity\": 1, \"ingredient_id\": 41}, {\"quantity\": 1, \"ingredient_id\": 42}]}, {\"name\": \"Sausage Pizza\", \"type\": \"main\", \"image\": \"sausagepizza.jpg\", \"price\": \"15.99\", \"quantity\": 1, \"is_active\": 1, \"recipe_id\": 26, \"ingredients\": [{\"quantity\": 1, \"ingredient_id\": 3}, {\"quantity\": 1, \"ingredient_id\": 1}, {\"quantity\": 1, \"ingredient_id\": 2}, {\"quantity\": 1, \"ingredient_id\": 21}]}]',9,NULL,67.90,5,3.06,69.21,70.00,0.79,5.04,'2024-11-12 16:07:38','Thin crust for the pizza',NULL,10,61,'Military',6.79,10),(29,'[{\"name\": \"Sausage Biscuit\", \"type\": \"main\", \"image\": \"sausagebiscuit.jpg\", \"price\": \"6.56\", \"quantity\": 1, \"is_active\": 1, \"recipe_id\": 33, \"ingredients\": [{\"quantity\": 1, \"ingredient_id\": 21}, {\"quantity\": 1, \"ingredient_id\": 19}, {\"quantity\": 1, \"ingredient_id\": 17}, {\"quantity\": 1, \"ingredient_id\": 18}, {\"quantity\": 1, \"ingredient_id\": 31}, {\"quantity\": 1, \"ingredient_id\": 39}, {\"quantity\": 1, \"ingredient_id\": 5}]}, {\"name\": \"Chicken Sandwich\", \"type\": \"main\", \"image\": \"chickensandwich.jpg\", \"price\": \"7.99\", \"quantity\": 2, \"is_active\": 1, \"recipe_id\": 27, \"ingredients\": [{\"quantity\": 1, \"ingredient_id\": 10}, {\"quantity\": 1, \"ingredient_id\": 7}, {\"quantity\": 1, \"ingredient_id\": 8}, {\"quantity\": 1, \"ingredient_id\": 20}, {\"quantity\": 1, \"ingredient_id\": 28}]}, {\"name\": \"Chicken Wings\", \"type\": \"main\", \"image\": \"chickenwings.jpg\", \"price\": \"7.99\", \"quantity\": 1, \"is_active\": 1, \"recipe_id\": 25, \"ingredients\": [{\"quantity\": 1, \"ingredient_id\": 10}, {\"quantity\": 1, \"ingredient_id\": 19}, {\"quantity\": 1, \"ingredient_id\": 31}]}, {\"name\": \"Fish Tacos\", \"type\": \"main\", \"image\": \"fish_tacos.jpg\", \"price\": \"8.99\", \"quantity\": 1, \"is_active\": 1, \"recipe_id\": 5, \"ingredients\": [{\"quantity\": 3, \"ingredient_id\": 12}, {\"quantity\": 5, \"ingredient_id\": 13}, {\"quantity\": 3, \"ingredient_id\": 14}, {\"quantity\": 3, \"ingredient_id\": 15}, {\"quantity\": 4, \"ingredient_id\": 16}]}, {\"name\": \"Sausage Pizza\", \"type\": \"main\", \"image\": \"sausagepizza.jpg\", \"price\": \"15.99\", \"quantity\": 1, \"is_active\": 1, \"recipe_id\": 26, \"ingredients\": [{\"quantity\": 1, \"ingredient_id\": 3}, {\"quantity\": 1, \"ingredient_id\": 1}, {\"quantity\": 1, \"ingredient_id\": 2}, {\"quantity\": 1, \"ingredient_id\": 21}]}, {\"name\": \"Pepperoni Pizza\", \"type\": \"main\", \"image\": \"pepperoni_pizza.jpg\", \"price\": \"15.99\", \"quantity\": 1, \"is_active\": 1, \"recipe_id\": 2, \"ingredients\": [{\"quantity\": 1, \"ingredient_id\": 2}, {\"quantity\": 5, \"ingredient_id\": 1}, {\"quantity\": 1, \"ingredient_id\": 3}, {\"quantity\": 20, \"ingredient_id\": 4}]}, {\"name\": \"Chicken Taco\", \"type\": \"main\", \"image\": \"chickentaco.jpg\", \"price\": \"8.99\", \"quantity\": 1, \"is_active\": 1, \"recipe_id\": 29, \"ingredients\": [{\"quantity\": 1, \"ingredient_id\": 13}, {\"quantity\": 1, \"ingredient_id\": 10}, {\"quantity\": 1, \"ingredient_id\": 16}, {\"quantity\": 1, \"ingredient_id\": 2}]}, {\"name\": \"Fries\", \"type\": \"side\", \"image\": \"fries.webp\", \"price\": \"3.50\", \"quantity\": 1, \"is_active\": 1, \"recipe_id\": 20, \"ingredients\": [{\"quantity\": 1, \"ingredient_id\": 26}, {\"quantity\": 1, \"ingredient_id\": 31}]}, {\"name\": \"Sweet Tea\", \"type\": \"drink\", \"image\": \"sweet_tea.jpg\", \"price\": \"1.99\", \"quantity\": 1, \"is_active\": 1, \"recipe_id\": 18, \"ingredients\": [{\"quantity\": 1, \"ingredient_id\": 38}, {\"quantity\": 5, \"ingredient_id\": 39}]}, {\"name\": \"Diet Coke\", \"type\": \"drink\", \"image\": \"diet_coke.png\", \"price\": \"1.99\", \"quantity\": 1, \"is_active\": 1, \"recipe_id\": 17, \"ingredients\": [{\"quantity\": 1, \"ingredient_id\": 37}]}, {\"name\": \"Powerade\", \"type\": \"drink\", \"image\": \"powerade.jpeg\", \"price\": \"1.99\", \"quantity\": 1, \"is_active\": 1, \"recipe_id\": 40, \"ingredients\": [{\"quantity\": 1, \"ingredient_id\": 44}]}]',9,NULL,89.96,25,20.01,106.68,106.90,0.22,6.60,'2024-11-12 16:08:11','',2,20,80,'PromoCode',9.90,11),(30,'[{\"name\": \"Diet Coke\", \"type\": \"drink\", \"image\": \"diet_coke.png\", \"price\": \"1.99\", \"quantity\": 1, \"is_active\": 1, \"recipe_id\": 17, \"ingredients\": [{\"quantity\": 1, \"ingredient_id\": 37}]}, {\"name\": \"Powerade\", \"type\": \"drink\", \"image\": \"powerade.jpeg\", \"price\": \"1.99\", \"quantity\": 1, \"is_active\": 1, \"recipe_id\": 40, \"ingredients\": [{\"quantity\": 1, \"ingredient_id\": 44}]}, {\"name\": \"Sweet Tea\", \"type\": \"drink\", \"image\": \"sweet_tea.jpg\", \"price\": \"1.99\", \"quantity\": 1, \"is_active\": 1, \"recipe_id\": 18, \"ingredients\": [{\"quantity\": 1, \"ingredient_id\": 38}, {\"quantity\": 5, \"ingredient_id\": 39}]}, {\"name\": \"Cheese Burger\", \"type\": \"main\", \"image\": \"cheese_burger.jpg\", \"price\": \"7.99\", \"quantity\": 1, \"is_active\": 1, \"recipe_id\": 3, \"ingredients\": [{\"quantity\": 2, \"ingredient_id\": 5}, {\"quantity\": 1, \"ingredient_id\": 6}, {\"quantity\": 2, \"ingredient_id\": 7}, {\"quantity\": 2, \"ingredient_id\": 8}, {\"quantity\": 1, \"ingredient_id\": 20}]}, {\"name\": \"Sausage Pizza\", \"type\": \"main\", \"image\": \"sausagepizza.jpg\", \"price\": \"15.99\", \"quantity\": 1, \"is_active\": 1, \"recipe_id\": 26, \"ingredients\": [{\"quantity\": 1, \"ingredient_id\": 3}, {\"quantity\": 1, \"ingredient_id\": 1}, {\"quantity\": 1, \"ingredient_id\": 2}, {\"quantity\": 1, \"ingredient_id\": 21}]}, {\"name\": \"Chicken Alfredo\", \"type\": \"main\", \"image\": \"chicken_alfredo.jpg\", \"price\": \"10.99\", \"quantity\": 1, \"is_active\": 1, \"recipe_id\": 4, \"ingredients\": [{\"quantity\": 10, \"ingredient_id\": 9}, {\"quantity\": 2, \"ingredient_id\": 10}, {\"quantity\": 3, \"ingredient_id\": 11}]}, {\"name\": \"Chicken Nuggets\", \"type\": \"main\", \"image\": \"chickennuggets.jpg\", \"price\": \"7.99\", \"quantity\": 1, \"is_active\": 1, \"recipe_id\": 23, \"ingredients\": [{\"quantity\": 1, \"ingredient_id\": 10}, {\"quantity\": 1, \"ingredient_id\": 19}]}, {\"name\": \"Chicken Tenders\", \"type\": \"main\", \"image\": \"chickentenders.jpg\", \"price\": \"7.99\", \"quantity\": 1, \"is_active\": 1, \"recipe_id\": 24, \"ingredients\": [{\"quantity\": 1, \"ingredient_id\": 10}, {\"quantity\": 1, \"ingredient_id\": 19}]}, {\"name\": \"Chicken Sandwich\", \"type\": \"main\", \"image\": \"chickensandwich.jpg\", \"price\": \"7.99\", \"quantity\": 6, \"is_active\": 1, \"recipe_id\": 27, \"ingredients\": [{\"quantity\": 1, \"ingredient_id\": 10}, {\"quantity\": 1, \"ingredient_id\": 7}, {\"quantity\": 1, \"ingredient_id\": 8}, {\"quantity\": 1, \"ingredient_id\": 20}, {\"quantity\": 1, \"ingredient_id\": 28}]}, {\"name\": \"Chicken Wings\", \"type\": \"main\", \"image\": \"chickenwings.jpg\", \"price\": \"7.99\", \"quantity\": 1, \"is_active\": 1, \"recipe_id\": 25, \"ingredients\": [{\"quantity\": 1, \"ingredient_id\": 10}, {\"quantity\": 1, \"ingredient_id\": 19}, {\"quantity\": 1, \"ingredient_id\": 31}]}, {\"name\": \"Mac and Cheese\", \"type\": \"side\", \"image\": \"mac_and_cheese.jpg\", \"price\": \"4.99\", \"quantity\": 1, \"is_active\": 1, \"recipe_id\": 6, \"ingredients\": [{\"quantity\": 7, \"ingredient_id\": 9}, {\"quantity\": 10, \"ingredient_id\": 5}, {\"quantity\": 3, \"ingredient_id\": 17}, {\"quantity\": 5, \"ingredient_id\": 18}, {\"quantity\": 3, \"ingredient_id\": 19}]}, {\"name\": \"Water\", \"type\": \"drink\", \"image\": \"water.jpg\", \"price\": \"1.99\", \"quantity\": 5, \"is_active\": 1, \"recipe_id\": 42, \"ingredients\": [{\"quantity\": 1, \"ingredient_id\": 45}]}]',9,NULL,127.79,5,5.11,115.78,120.00,4.22,8.43,'2024-11-12 16:08:42','Less salt',1,3,102,'PromoCode',25.56,20),(31,'[{\"name\": \"Beef Taco\", \"type\": \"main\", \"image\": \"beeftaco.jpg\", \"price\": \"8.99\", \"quantity\": 1, \"is_active\": 1, \"recipe_id\": 28, \"ingredients\": [{\"quantity\": 1, \"ingredient_id\": 13}, {\"quantity\": 1, \"ingredient_id\": 8}, {\"quantity\": 1, \"ingredient_id\": 6}, {\"quantity\": 1, \"ingredient_id\": 16}]}, {\"name\": \"Sausage Pizza\", \"type\": \"main\", \"image\": \"sausagepizza.jpg\", \"price\": \"15.99\", \"quantity\": 1, \"is_active\": 1, \"recipe_id\": 26, \"ingredients\": [{\"quantity\": 1, \"ingredient_id\": 3}, {\"quantity\": 1, \"ingredient_id\": 1}, {\"quantity\": 1, \"ingredient_id\": 2}, {\"quantity\": 1, \"ingredient_id\": 21}]}, {\"name\": \"Hawaiian Pizza\", \"type\": \"main\", \"image\": \"hawaiianpizza.jpg\", \"price\": \"15.99\", \"quantity\": 1, \"is_active\": 1, \"recipe_id\": 39, \"ingredients\": [{\"quantity\": 1, \"ingredient_id\": 3}, {\"quantity\": 1, \"ingredient_id\": 1}, {\"quantity\": 1, \"ingredient_id\": 2}, {\"quantity\": 1, \"ingredient_id\": 41}, {\"quantity\": 1, \"ingredient_id\": 42}]}, {\"name\": \"Cheese Burger\", \"type\": \"main\", \"image\": \"cheese_burger.jpg\", \"price\": \"7.99\", \"quantity\": 1, \"is_active\": 1, \"recipe_id\": 3, \"ingredients\": [{\"quantity\": 2, \"ingredient_id\": 5}, {\"quantity\": 1, \"ingredient_id\": 6}, {\"quantity\": 2, \"ingredient_id\": 7}, {\"quantity\": 2, \"ingredient_id\": 8}, {\"quantity\": 1, \"ingredient_id\": 20}]}, {\"name\": \"Hamburger\", \"type\": \"main\", \"image\": \"hamburger.jpg\", \"price\": \"7.99\", \"quantity\": 1, \"is_active\": 1, \"recipe_id\": 38, \"ingredients\": [{\"quantity\": 1, \"ingredient_id\": 20}, {\"quantity\": 1, \"ingredient_id\": 5}, {\"quantity\": 1, \"ingredient_id\": 8}, {\"quantity\": 1, \"ingredient_id\": 7}, {\"quantity\": 1, \"ingredient_id\": 24}]}, {\"name\": \"Chicken Biscuit\", \"type\": \"main\", \"image\": \"chickenbiscuit.jpg\", \"price\": \"6.59\", \"quantity\": 1, \"is_active\": 1, \"recipe_id\": 32, \"ingredients\": [{\"quantity\": 1, \"ingredient_id\": 10}, {\"quantity\": 1, \"ingredient_id\": 19}, {\"quantity\": 1, \"ingredient_id\": 31}, {\"quantity\": 1, \"ingredient_id\": 39}, {\"quantity\": 1, \"ingredient_id\": 17}]}, {\"name\": \"Dr. Pepper\", \"type\": \"drink\", \"image\": \"dr-pepper.png\", \"price\": \"1.99\", \"quantity\": 1, \"is_active\": 1, \"recipe_id\": 15, \"ingredients\": [{\"quantity\": 1, \"ingredient_id\": 35}]}, {\"name\": \"Diet Coke\", \"type\": \"drink\", \"image\": \"diet_coke.png\", \"price\": \"1.99\", \"quantity\": 1, \"is_active\": 1, \"recipe_id\": 17, \"ingredients\": [{\"quantity\": 1, \"ingredient_id\": 37}]}, {\"name\": \"Cheese Fries\", \"type\": \"side\", \"image\": \"cheesefries2.jpg\", \"price\": \"3.99\", \"quantity\": 1, \"is_active\": 1, \"recipe_id\": 21, \"ingredients\": [{\"quantity\": 1, \"ingredient_id\": 5}, {\"quantity\": 1, \"ingredient_id\": 26}, {\"quantity\": 1, \"ingredient_id\": 31}]}, {\"name\": \"Waffle Fries\", \"type\": \"side\", \"image\": \"wafflefries2.jpg\", \"price\": \"3.99\", \"quantity\": 1, \"is_active\": 1, \"recipe_id\": 22, \"ingredients\": [{\"quantity\": 1, \"ingredient_id\": 26}, {\"quantity\": 1, \"ingredient_id\": 31}]}, {\"name\": \"Coleslaw\", \"type\": \"side\", \"image\": \"coleslaw.jpg\", \"price\": \"3.99\", \"quantity\": 3, \"is_active\": 1, \"recipe_id\": 9, \"ingredients\": [{\"quantity\": 1, \"ingredient_id\": 14}, {\"quantity\": 1, \"ingredient_id\": 27}, {\"quantity\": 2, \"ingredient_id\": 28}]}]',1,NULL,87.47,25,19.68,104.89,105.00,0.11,6.49,'2024-11-12 16:14:52','',NULL,4,78,'Military',8.75,10),(32,'[{\"name\": \"Fish Tacos\", \"type\": \"main\", \"image\": \"fish_tacos.jpg\", \"price\": \"8.99\", \"quantity\": 2, \"is_active\": 1, \"recipe_id\": 5, \"ingredients\": [{\"quantity\": 3, \"ingredient_id\": 12}, {\"quantity\": 5, \"ingredient_id\": 13}, {\"quantity\": 3, \"ingredient_id\": 14}, {\"quantity\": 3, \"ingredient_id\": 15}, {\"quantity\": 4, \"ingredient_id\": 16}]}, {\"name\": \"Chicken Sandwich\", \"type\": \"main\", \"image\": \"chickensandwich.jpg\", \"price\": \"7.99\", \"quantity\": 1, \"is_active\": 1, \"recipe_id\": 27, \"ingredients\": [{\"quantity\": 1, \"ingredient_id\": 10}, {\"quantity\": 1, \"ingredient_id\": 7}, {\"quantity\": 1, \"ingredient_id\": 8}, {\"quantity\": 1, \"ingredient_id\": 20}, {\"quantity\": 1, \"ingredient_id\": 28}]}, {\"name\": \"Sausage Biscuit\", \"type\": \"main\", \"image\": \"sausagebiscuit.jpg\", \"price\": \"6.56\", \"quantity\": 1, \"is_active\": 1, \"recipe_id\": 33, \"ingredients\": [{\"quantity\": 1, \"ingredient_id\": 21}, {\"quantity\": 1, \"ingredient_id\": 19}, {\"quantity\": 1, \"ingredient_id\": 17}, {\"quantity\": 1, \"ingredient_id\": 18}, {\"quantity\": 1, \"ingredient_id\": 31}, {\"quantity\": 1, \"ingredient_id\": 39}, {\"quantity\": 1, \"ingredient_id\": 5}]}, {\"name\": \"Chicken Biscuit\", \"type\": \"main\", \"image\": \"chickenbiscuit.jpg\", \"price\": \"6.59\", \"quantity\": 1, \"is_active\": 1, \"recipe_id\": 32, \"ingredients\": [{\"quantity\": 1, \"ingredient_id\": 10}, {\"quantity\": 1, \"ingredient_id\": 19}, {\"quantity\": 1, \"ingredient_id\": 31}, {\"quantity\": 1, \"ingredient_id\": 39}, {\"quantity\": 1, \"ingredient_id\": 17}]}, {\"name\": \"Cheese Burger\", \"type\": \"main\", \"image\": \"cheese_burger.jpg\", \"price\": \"7.99\", \"quantity\": 1, \"is_active\": 1, \"recipe_id\": 3, \"ingredients\": [{\"quantity\": 2, \"ingredient_id\": 5}, {\"quantity\": 1, \"ingredient_id\": 6}, {\"quantity\": 2, \"ingredient_id\": 7}, {\"quantity\": 2, \"ingredient_id\": 8}, {\"quantity\": 1, \"ingredient_id\": 20}]}]',10,NULL,47.11,10,4.71,55.71,56.00,0.29,3.89,'2024-11-12 16:19:55','',NULL,5,47,NULL,0.00,0),(33,'[{\"name\": \"Chicken Nuggets\", \"type\": \"main\", \"image\": \"chickennuggets.jpg\", \"price\": \"7.99\", \"quantity\": 1, \"is_active\": 1, \"recipe_id\": 23, \"ingredients\": [{\"quantity\": 1, \"ingredient_id\": 10}, {\"quantity\": 1, \"ingredient_id\": 19}]}, {\"name\": \"Chicken Tenders\", \"type\": \"main\", \"image\": \"chickentenders.jpg\", \"price\": \"7.99\", \"quantity\": 2, \"is_active\": 1, \"recipe_id\": 24, \"ingredients\": [{\"quantity\": 1, \"ingredient_id\": 10}, {\"quantity\": 1, \"ingredient_id\": 19}]}, {\"name\": \"Diet Coke\", \"type\": \"drink\", \"image\": \"diet_coke.png\", \"price\": \"1.99\", \"quantity\": 1, \"is_active\": 1, \"recipe_id\": 17, \"ingredients\": [{\"quantity\": 1, \"ingredient_id\": 37}]}, {\"name\": \"Sweet Tea\", \"type\": \"drink\", \"image\": \"sweet_tea.jpg\", \"price\": \"1.99\", \"quantity\": 2, \"is_active\": 1, \"recipe_id\": 18, \"ingredients\": [{\"quantity\": 1, \"ingredient_id\": 38}, {\"quantity\": 5, \"ingredient_id\": 39}]}, {\"name\": \"Sprite\", \"type\": \"drink\", \"image\": \"sprite.png\", \"price\": \"1.99\", \"quantity\": 1, \"is_active\": 1, \"recipe_id\": 12, \"ingredients\": [{\"quantity\": 1, \"ingredient_id\": 32}]}, {\"name\": \"Mountain Dew\", \"type\": \"drink\", \"image\": \"mountaindew.webp\", \"price\": \"1.99\", \"quantity\": 1, \"is_active\": 1, \"recipe_id\": 41, \"ingredients\": [{\"quantity\": 1, \"ingredient_id\": 43}]}, {\"name\": \"Water\", \"type\": \"drink\", \"image\": \"water.jpg\", \"price\": \"1.99\", \"quantity\": 1, \"is_active\": 1, \"recipe_id\": 42, \"ingredients\": [{\"quantity\": 1, \"ingredient_id\": 45}]}, {\"name\": \"Dr. Pepper\", \"type\": \"drink\", \"image\": \"dr-pepper.png\", \"price\": \"1.99\", \"quantity\": 1, \"is_active\": 1, \"recipe_id\": 15, \"ingredients\": [{\"quantity\": 1, \"ingredient_id\": 35}]}, {\"name\": \"Hash Browns\", \"type\": \"side\", \"image\": \"hashbrowns.jpg\", \"price\": \"3.99\", \"quantity\": 1, \"is_active\": 1, \"recipe_id\": 31, \"ingredients\": [{\"quantity\": 1, \"ingredient_id\": 26}, {\"quantity\": 1, \"ingredient_id\": 31}]}]',10,NULL,41.89,0,0.00,45.35,46.00,0.65,3.46,'2024-11-12 16:20:05','',NULL,1,41,NULL,0.00,0),(34,'[{\"name\": \"Garlic Bread\", \"type\": \"side\", \"image\": \"garlic_bread.jpg\", \"price\": \"4.99\", \"quantity\": 7, \"is_active\": 1, \"recipe_id\": 10, \"ingredients\": [{\"quantity\": 3, \"ingredient_id\": 29}, {\"quantity\": 5, \"ingredient_id\": 18}, {\"quantity\": 3, \"ingredient_id\": 11}]}, {\"name\": \"Fries\", \"type\": \"side\", \"image\": \"fries.webp\", \"price\": \"3.50\", \"quantity\": 3, \"is_active\": 1, \"recipe_id\": 20, \"ingredients\": [{\"quantity\": 1, \"ingredient_id\": 26}, {\"quantity\": 1, \"ingredient_id\": 31}]}, {\"name\": \"Biscuits\", \"type\": \"side\", \"image\": \"biscuits.jpg\", \"price\": \"4.99\", \"quantity\": 2, \"is_active\": 1, \"recipe_id\": 30, \"ingredients\": [{\"quantity\": 1, \"ingredient_id\": 19}, {\"quantity\": 1, \"ingredient_id\": 18}, {\"quantity\": 1, \"ingredient_id\": 17}, {\"quantity\": 1, \"ingredient_id\": 39}, {\"quantity\": 1, \"ingredient_id\": 31}]}, {\"name\": \"Cheese Fries\", \"type\": \"side\", \"image\": \"cheesefries2.jpg\", \"price\": \"3.99\", \"quantity\": 2, \"is_active\": 1, \"recipe_id\": 21, \"ingredients\": [{\"quantity\": 1, \"ingredient_id\": 5}, {\"quantity\": 1, \"ingredient_id\": 26}, {\"quantity\": 1, \"ingredient_id\": 31}]}, {\"name\": \"Chicken Tenders\", \"type\": \"main\", \"image\": \"chickentenders.jpg\", \"price\": \"7.99\", \"quantity\": 2, \"is_active\": 1, \"recipe_id\": 24, \"ingredients\": [{\"quantity\": 1, \"ingredient_id\": 10}, {\"quantity\": 1, \"ingredient_id\": 19}]}, {\"name\": \"Cheese Burger\", \"type\": \"main\", \"image\": \"cheese_burger.jpg\", \"price\": \"7.99\", \"quantity\": 2, \"is_active\": 1, \"recipe_id\": 3, \"ingredients\": [{\"quantity\": 2, \"ingredient_id\": 5}, {\"quantity\": 1, \"ingredient_id\": 6}, {\"quantity\": 2, \"ingredient_id\": 7}, {\"quantity\": 2, \"ingredient_id\": 8}, {\"quantity\": 1, \"ingredient_id\": 20}]}, {\"name\": \"Chicken Taco\", \"type\": \"main\", \"image\": \"chickentaco.jpg\", \"price\": \"8.99\", \"quantity\": 1, \"is_active\": 1, \"recipe_id\": 29, \"ingredients\": [{\"quantity\": 1, \"ingredient_id\": 13}, {\"quantity\": 1, \"ingredient_id\": 10}, {\"quantity\": 1, \"ingredient_id\": 16}, {\"quantity\": 1, \"ingredient_id\": 2}]}, {\"name\": \"Chicken Quesadilla\", \"type\": \"main\", \"image\": \"chickenquesadilla.webp\", \"price\": \"7.99\", \"quantity\": 1, \"is_active\": 1, \"recipe_id\": 34, \"ingredients\": [{\"quantity\": 1, \"ingredient_id\": 10}, {\"quantity\": 1, \"ingredient_id\": 13}, {\"quantity\": 1, \"ingredient_id\": 16}, {\"quantity\": 1, \"ingredient_id\": 5}]}, {\"name\": \"Fish Sandwich\", \"type\": \"main\", \"image\": \"fishsandwich.jpg\", \"price\": \"7.99\", \"quantity\": 1, \"is_active\": 1, \"recipe_id\": 37, \"ingredients\": [{\"quantity\": 1, \"ingredient_id\": 12}, {\"quantity\": 1, \"ingredient_id\": 20}, {\"quantity\": 1, \"ingredient_id\": 7}, {\"quantity\": 1, \"ingredient_id\": 2}, {\"quantity\": 1, \"ingredient_id\": 28}]}, {\"name\": \"Beef Taco\", \"type\": \"main\", \"image\": \"beeftaco.jpg\", \"price\": \"8.99\", \"quantity\": 1, \"is_active\": 1, \"recipe_id\": 28, \"ingredients\": [{\"quantity\": 1, \"ingredient_id\": 13}, {\"quantity\": 1, \"ingredient_id\": 8}, {\"quantity\": 1, \"ingredient_id\": 6}, {\"quantity\": 1, \"ingredient_id\": 16}]}, {\"name\": \"Hamburger\", \"type\": \"main\", \"image\": \"hamburger.jpg\", \"price\": \"7.99\", \"quantity\": 1, \"is_active\": 1, \"recipe_id\": 38, \"ingredients\": [{\"quantity\": 1, \"ingredient_id\": 20}, {\"quantity\": 1, \"ingredient_id\": 5}, {\"quantity\": 1, \"ingredient_id\": 8}, {\"quantity\": 1, \"ingredient_id\": 7}, {\"quantity\": 1, \"ingredient_id\": 24}]}, {\"name\": \"Chicken Nuggets\", \"type\": \"main\", \"image\": \"chickennuggets.jpg\", \"price\": \"7.99\", \"quantity\": 1, \"is_active\": 1, \"recipe_id\": 23, \"ingredients\": [{\"quantity\": 1, \"ingredient_id\": 10}, {\"quantity\": 1, \"ingredient_id\": 19}]}, {\"name\": \"Chicken Sandwich\", \"type\": \"main\", \"image\": \"chickensandwich.jpg\", \"price\": \"7.99\", \"quantity\": 1, \"is_active\": 1, \"recipe_id\": 27, \"ingredients\": [{\"quantity\": 1, \"ingredient_id\": 10}, {\"quantity\": 1, \"ingredient_id\": 7}, {\"quantity\": 1, \"ingredient_id\": 8}, {\"quantity\": 1, \"ingredient_id\": 20}, {\"quantity\": 1, \"ingredient_id\": 28}]}]',10,NULL,153.28,0,0.00,165.93,200.00,34.07,12.65,'2024-11-12 16:20:20','',NULL,22,153,NULL,0.00,0),(35,'[{\"name\": \"Fish Tacos\", \"type\": \"main\", \"image\": \"fish_tacos.jpg\", \"price\": \"8.99\", \"quantity\": 2, \"is_active\": 1, \"recipe_id\": 5, \"ingredients\": [{\"quantity\": 3, \"ingredient_id\": 12}, {\"quantity\": 5, \"ingredient_id\": 13}, {\"quantity\": 3, \"ingredient_id\": 14}, {\"quantity\": 3, \"ingredient_id\": 15}, {\"quantity\": 4, \"ingredient_id\": 16}]}, {\"name\": \"Chicken Sandwich\", \"type\": \"main\", \"image\": \"chickensandwich.jpg\", \"price\": \"7.99\", \"quantity\": 3, \"is_active\": 1, \"recipe_id\": 27, \"ingredients\": [{\"quantity\": 1, \"ingredient_id\": 10}, {\"quantity\": 1, \"ingredient_id\": 7}, {\"quantity\": 1, \"ingredient_id\": 8}, {\"quantity\": 1, \"ingredient_id\": 20}, {\"quantity\": 1, \"ingredient_id\": 28}]}, {\"name\": \"Chicken Nuggets\", \"type\": \"main\", \"image\": \"chickennuggets.jpg\", \"price\": \"7.99\", \"quantity\": 1, \"is_active\": 1, \"recipe_id\": 23, \"ingredients\": [{\"quantity\": 1, \"ingredient_id\": 10}, {\"quantity\": 1, \"ingredient_id\": 19}]}, {\"name\": \"Sausage Biscuit\", \"type\": \"main\", \"image\": \"sausagebiscuit.jpg\", \"price\": \"6.56\", \"quantity\": 1, \"is_active\": 1, \"recipe_id\": 33, \"ingredients\": [{\"quantity\": 1, \"ingredient_id\": 21}, {\"quantity\": 1, \"ingredient_id\": 19}, {\"quantity\": 1, \"ingredient_id\": 17}, {\"quantity\": 1, \"ingredient_id\": 18}, {\"quantity\": 1, \"ingredient_id\": 31}, {\"quantity\": 1, \"ingredient_id\": 39}, {\"quantity\": 1, \"ingredient_id\": 5}]}, {\"name\": \"Chicken Biscuit\", \"type\": \"main\", \"image\": \"chickenbiscuit.jpg\", \"price\": \"6.59\", \"quantity\": 4, \"is_active\": 1, \"recipe_id\": 32, \"ingredients\": [{\"quantity\": 1, \"ingredient_id\": 10}, {\"quantity\": 1, \"ingredient_id\": 19}, {\"quantity\": 1, \"ingredient_id\": 31}, {\"quantity\": 1, \"ingredient_id\": 39}, {\"quantity\": 1, \"ingredient_id\": 17}]}]',11,NULL,82.86,0,0.00,89.70,90.00,0.30,6.84,'2024-11-12 16:24:26','',NULL,6,82,NULL,0.00,0),(36,'[{\"name\": \"Hot Dogs\", \"type\": \"main\", \"image\": \"hot_dogs.jpg\", \"price\": \"8.99\", \"quantity\": 3, \"is_active\": 1, \"recipe_id\": 7, \"ingredients\": [{\"quantity\": 3, \"ingredient_id\": 21}, {\"quantity\": 3, \"ingredient_id\": 22}, {\"quantity\": 3, \"ingredient_id\": 23}, {\"quantity\": 3, \"ingredient_id\": 24}, {\"quantity\": 5, \"ingredient_id\": 25}]}, {\"name\": \"Chicken Sandwich\", \"type\": \"main\", \"image\": \"chickensandwich.jpg\", \"price\": \"7.99\", \"quantity\": 1, \"is_active\": 1, \"recipe_id\": 27, \"ingredients\": [{\"quantity\": 1, \"ingredient_id\": 10}, {\"quantity\": 1, \"ingredient_id\": 7}, {\"quantity\": 1, \"ingredient_id\": 8}, {\"quantity\": 1, \"ingredient_id\": 20}, {\"quantity\": 1, \"ingredient_id\": 28}]}, {\"name\": \"Cheese Quesadilla\", \"type\": \"main\", \"image\": \"cheesequesadilla.jpg\", \"price\": \"5.99\", \"quantity\": 1, \"is_active\": 1, \"recipe_id\": 35, \"ingredients\": [{\"quantity\": 1, \"ingredient_id\": 13}, {\"quantity\": 1, \"ingredient_id\": 5}]}, {\"name\": \"Sausage Biscuit\", \"type\": \"main\", \"image\": \"sausagebiscuit.jpg\", \"price\": \"6.56\", \"quantity\": 2, \"is_active\": 1, \"recipe_id\": 33, \"ingredients\": [{\"quantity\": 1, \"ingredient_id\": 21}, {\"quantity\": 1, \"ingredient_id\": 19}, {\"quantity\": 1, \"ingredient_id\": 17}, {\"quantity\": 1, \"ingredient_id\": 18}, {\"quantity\": 1, \"ingredient_id\": 31}, {\"quantity\": 1, \"ingredient_id\": 39}, {\"quantity\": 1, \"ingredient_id\": 5}]}, {\"name\": \"Waffle Fries\", \"type\": \"side\", \"image\": \"wafflefries2.jpg\", \"price\": \"3.99\", \"quantity\": 4, \"is_active\": 1, \"recipe_id\": 22, \"ingredients\": [{\"quantity\": 1, \"ingredient_id\": 26}, {\"quantity\": 1, \"ingredient_id\": 31}]}]',11,NULL,70.03,0,0.00,75.81,80.00,4.19,5.78,'2024-11-12 16:24:36','',NULL,5,70,NULL,0.00,0),(37,'[{\"name\": \"Diet Coke\", \"type\": \"drink\", \"image\": \"diet_coke.png\", \"price\": \"1.99\", \"quantity\": 3, \"is_active\": 1, \"recipe_id\": 17, \"ingredients\": [{\"quantity\": 1, \"ingredient_id\": 37}]}, {\"name\": \"Sweet Tea\", \"type\": \"drink\", \"image\": \"sweet_tea.jpg\", \"price\": \"1.99\", \"quantity\": 1, \"is_active\": 1, \"recipe_id\": 18, \"ingredients\": [{\"quantity\": 1, \"ingredient_id\": 38}, {\"quantity\": 5, \"ingredient_id\": 39}]}, {\"name\": \"Sprite\", \"type\": \"drink\", \"image\": \"sprite.png\", \"price\": \"1.99\", \"quantity\": 1, \"is_active\": 1, \"recipe_id\": 12, \"ingredients\": [{\"quantity\": 1, \"ingredient_id\": 32}]}, {\"name\": \"Powerade\", \"type\": \"drink\", \"image\": \"powerade.jpeg\", \"price\": \"1.99\", \"quantity\": 1, \"is_active\": 1, \"recipe_id\": 40, \"ingredients\": [{\"quantity\": 1, \"ingredient_id\": 44}]}, {\"name\": \"Cheese Fries\", \"type\": \"side\", \"image\": \"cheesefries2.jpg\", \"price\": \"3.99\", \"quantity\": 1, \"is_active\": 1, \"recipe_id\": 21, \"ingredients\": [{\"quantity\": 1, \"ingredient_id\": 5}, {\"quantity\": 1, \"ingredient_id\": 26}, {\"quantity\": 1, \"ingredient_id\": 31}]}, {\"name\": \"Biscuits\", \"type\": \"side\", \"image\": \"biscuits.jpg\", \"price\": \"4.99\", \"quantity\": 1, \"is_active\": 1, \"recipe_id\": 30, \"ingredients\": [{\"quantity\": 1, \"ingredient_id\": 19}, {\"quantity\": 1, \"ingredient_id\": 18}, {\"quantity\": 1, \"ingredient_id\": 17}, {\"quantity\": 1, \"ingredient_id\": 39}, {\"quantity\": 1, \"ingredient_id\": 31}]}]',11,NULL,20.92,0,0.00,22.65,30.00,7.35,1.73,'2024-11-12 16:24:45','',NULL,7,20,NULL,0.00,0);
/*!40000 ALTER TABLE `orders` ENABLE KEYS */;

--
-- Table structure for table `promotion_codes`
--

DROP TABLE IF EXISTS `promotion_codes`;
/*!40101 SET @saved_cs_client     = @@character_set_client */;
/*!50503 SET character_set_client = utf8mb4 */;
CREATE TABLE `promotion_codes` (
  `promoCode_id` int unsigned NOT NULL AUTO_INCREMENT COMMENT 'Primary Key',
  `code` varchar(20) NOT NULL,
  `discount_percent` int unsigned NOT NULL,
  `uses_left` int unsigned DEFAULT NULL COMMENT 'NULL = infinite uses',
  `is_active` tinyint unsigned NOT NULL DEFAULT '1',
  PRIMARY KEY (`promoCode_id`)
) ENGINE=InnoDB AUTO_INCREMENT=3 DEFAULT CHARSET=utf8mb4 COLLATE=utf8mb4_0900_ai_ci;
/*!40101 SET character_set_client = @saved_cs_client */;

--
-- Dumping data for table `promotion_codes`
--

/*!40000 ALTER TABLE `promotion_codes` DISABLE KEYS */;
INSERT INTO `promotion_codes` VALUES (1,'database',20,14,1),(2,'infinity',11,NULL,1);
/*!40000 ALTER TABLE `promotion_codes` ENABLE KEYS */;

--
-- Table structure for table `redemptions`
--

DROP TABLE IF EXISTS `redemptions`;
/*!40101 SET @saved_cs_client     = @@character_set_client */;
/*!50503 SET character_set_client = utf8mb4 */;
CREATE TABLE `redemptions` (
  `redemption_id` int NOT NULL AUTO_INCREMENT COMMENT 'Primary Key',
  `user_id` int unsigned NOT NULL,
  `reward_id` int unsigned NOT NULL,
  `redemption_date` datetime DEFAULT CURRENT_TIMESTAMP,
  `is_active` tinyint(1) DEFAULT '1',
  PRIMARY KEY (`redemption_id`),
  KEY `fk_user_redemption` (`user_id`),
  KEY `fk_reward_redemption` (`reward_id`),
  CONSTRAINT `fk_reward_redemption` FOREIGN KEY (`reward_id`) REFERENCES `rewards` (`reward_id`) ON UPDATE CASCADE,
  CONSTRAINT `fk_user_redemption` FOREIGN KEY (`user_id`) REFERENCES `users` (`user_id`) ON UPDATE CASCADE
) ENGINE=InnoDB DEFAULT CHARSET=utf8mb4 COLLATE=utf8mb4_0900_ai_ci;
/*!40101 SET character_set_client = @saved_cs_client */;

--
-- Dumping data for table `redemptions`
--

/*!40000 ALTER TABLE `redemptions` DISABLE KEYS */;
/*!40000 ALTER TABLE `redemptions` ENABLE KEYS */;

--
-- Table structure for table `restaurant_sales`
--

DROP TABLE IF EXISTS `restaurant_sales`;
/*!40101 SET @saved_cs_client     = @@character_set_client */;
/*!50503 SET character_set_client = utf8mb4 */;
CREATE TABLE `restaurant_sales` (
  `sales_date` date NOT NULL,
  `total_sales` decimal(10,2) unsigned DEFAULT '0.00',
  `total_discounts` decimal(10,2) unsigned DEFAULT '0.00',
  `location` int DEFAULT NULL,
  `total_taxes` decimal(10,2) unsigned DEFAULT '0.00',
  `total_cash` decimal(10,2) unsigned DEFAULT '0.00',
  PRIMARY KEY (`sales_date`),
  UNIQUE KEY `location_UNIQUE` (`location`)
) ENGINE=InnoDB DEFAULT CHARSET=utf8mb4 COLLATE=utf8mb4_0900_ai_ci;
/*!40101 SET character_set_client = @saved_cs_client */;

--
-- Dumping data for table `restaurant_sales`
--

/*!40000 ALTER TABLE `restaurant_sales` DISABLE KEYS */;
INSERT INTO `restaurant_sales` VALUES ('2024-10-25',82.86,46.97,NULL,5.98,82.86),('2024-10-27',192.05,0.00,NULL,12.51,192.05),('2024-10-28',11.90,0.00,NULL,0.91,11.90),('2024-10-29',46.82,4.59,NULL,3.41,46.82),('2024-10-31',223.73,26.56,NULL,14.79,223.73);
/*!40000 ALTER TABLE `restaurant_sales` ENABLE KEYS */;

--
-- Table structure for table `rewards`
--

DROP TABLE IF EXISTS `rewards`;
/*!40101 SET @saved_cs_client     = @@character_set_client */;
/*!50503 SET character_set_client = utf8mb4 */;
CREATE TABLE `rewards` (
  `reward_id` int unsigned NOT NULL AUTO_INCREMENT COMMENT 'Primary Key',
  `reward_name` varchar(50) CHARACTER SET utf8mb4 COLLATE utf8mb4_0900_ai_ci NOT NULL,
  `points_required` int unsigned NOT NULL,
  `reward_description` text,
  `is_active` tinyint(1) DEFAULT '1',
  PRIMARY KEY (`reward_id`)
) ENGINE=InnoDB DEFAULT CHARSET=utf8mb4 COLLATE=utf8mb4_0900_ai_ci;
/*!40101 SET character_set_client = @saved_cs_client */;

--
-- Dumping data for table `rewards`
--

/*!40000 ALTER TABLE `rewards` DISABLE KEYS */;
/*!40000 ALTER TABLE `rewards` ENABLE KEYS */;

--
-- Table structure for table `users`
--

DROP TABLE IF EXISTS `users`;
/*!40101 SET @saved_cs_client     = @@character_set_client */;
/*!50503 SET character_set_client = utf8mb4 */;
CREATE TABLE `users` (
  `user_id` int unsigned NOT NULL AUTO_INCREMENT COMMENT 'Primary Key',
  `first_name` varchar(50) NOT NULL,
  `last_name` varchar(50) NOT NULL,
  `email` varchar(50) NOT NULL,
  `password` varchar(50) NOT NULL,
  `role` varchar(50) NOT NULL DEFAULT 'user',
  `is_active` tinyint(1) NOT NULL DEFAULT '1',
  `points` int unsigned NOT NULL DEFAULT '0',
  PRIMARY KEY (`user_id`)
) ENGINE=InnoDB AUTO_INCREMENT=5 DEFAULT CHARSET=utf8mb4 COLLATE=utf8mb4_0900_ai_ci COMMENT='customer accounts';
/*!40101 SET character_set_client = @saved_cs_client */;

--
-- Dumping data for table `users`
--

/*!40000 ALTER TABLE `users` DISABLE KEYS */;
INSERT INTO `users` VALUES (1,'Mike','Ross','mikeross@gmail.com','mike123','user',1,0),(2,'Tony','Smith','ts@example.com','ts123','user',1,0),(4,'Tom','Miller','tom@example.com','tm123','user',1,0);
/*!40000 ALTER TABLE `users` ENABLE KEYS */;
/*!50003 SET @saved_cs_client      = @@character_set_client */ ;
/*!50003 SET @saved_cs_results     = @@character_set_results */ ;
/*!50003 SET @saved_col_connection = @@collation_connection */ ;
/*!50003 SET character_set_client  = utf8mb4 */ ;
/*!50003 SET character_set_results = utf8mb4 */ ;
/*!50003 SET collation_connection  = utf8mb4_unicode_ci */ ;
/*!50003 SET @saved_sql_mode       = @@sql_mode */ ;
/*!50003 SET sql_mode              = 'IGNORE_SPACE,ONLY_FULL_GROUP_BY,STRICT_TRANS_TABLES,NO_ZERO_IN_DATE,NO_ZERO_DATE,ERROR_FOR_DIVISION_BY_ZERO,NO_ENGINE_SUBSTITUTION' */ ;
DELIMITER ;;
/*!50003 CREATE*/ /*!50017 DEFINER=`root`@`localhost`*/ /*!50003 TRIGGER `update_counter` BEFORE UPDATE ON `users` FOR EACH ROW BEGIN
    DECLARE id INT;
    DECLARE incrementCounter INT;
    -- Get count of existing records
    SELECT COUNT(*) INTO id
    FROM discount_next_visit
    WHERE user_id = NEW.user_id;
     -- If no record exists, create new one '
    

    -- If points increased, update counter
    IF NEW.points > OLD.points AND NEW.points >= 100 THEN
        SET incrementCounter = (FLOOR(NEW.points / 100));
        SET NEW.points = NEW.points - (FLOOR(NEW.points / 100) * 100);
        IF id > 0 THEN
            UPDATE discount_next_visit
            SET counter = counter + incrementCounter
            WHERE user_id = NEW.user_id;
        ELSE
            INSERT INTO discount_next_visit (user_id, counter)
            VALUES (NEW.user_id, incrementCounter);
        END IF;
    END IF;
END */;;
DELIMITER ;
/*!50003 SET sql_mode              = @saved_sql_mode */ ;
/*!50003 SET character_set_client  = @saved_cs_client */ ;
/*!50003 SET character_set_results = @saved_cs_results */ ;
/*!50003 SET collation_connection  = @saved_col_connection */ ;

--
-- Dumping routines for database 'restaurantdb'
--
/*!40103 SET TIME_ZONE=@OLD_TIME_ZONE */;

/*!40101 SET SQL_MODE=@OLD_SQL_MODE */;
/*!40014 SET FOREIGN_KEY_CHECKS=@OLD_FOREIGN_KEY_CHECKS */;
/*!40014 SET UNIQUE_CHECKS=@OLD_UNIQUE_CHECKS */;
/*!40101 SET CHARACTER_SET_CLIENT=@OLD_CHARACTER_SET_CLIENT */;
/*!40101 SET CHARACTER_SET_RESULTS=@OLD_CHARACTER_SET_RESULTS */;
/*!40101 SET COLLATION_CONNECTION=@OLD_COLLATION_CONNECTION */;
/*!40111 SET SQL_NOTES=@OLD_SQL_NOTES */;

-- Dump completed on 2024-11-12 10:28:47
